player_id,player_name,firstname,lastname,age,nationality,height,weight,injured,team_id,team_name,league_id,league_name,season,appearances,lineups,minutes,position,rating,captain,sub_in,sub_out,sub_bench,shots_total,shots_on,goals_total,goals_assists,goals_conceded,goals_saves,passes_total,passes_key,passes_accuracy,tackles_total,tackles_blocks,tackles_interceptions,duels_total,duels_won,dribbles_attempts,dribbles_success,dribbles_past,fouls_drawn,fouls_committed,cards_yellow,cards_yellowred,cards_red,penalty_won,penalty_commited,penalty_scored,penalty_missed,penalty_saved
404,B. Oczipka,Bastian,Oczipka,34,Germany,185 cm,85 kg,False,169,Eintracht Frankfurt,78,Bundesliga,2012,33,33,2890,Defender,,False,0,2,1,,,0,,,,,,,,,,,,,,,,,1,0,0,,,,,
410,D. Caligiuri,Daniel,Caligiuri,35,Germany,182 cm,80 kg,False,160,SC Freiburg,78,Bundesliga,2012,29,27,2447,Midfielder,,False,2,4,2,,,5,,,,,,,,,,,,,,,,,10,0,0,,,,,
2754,R. Kruse,Robbie Thomas,Kruse,35,Australia,179 cm,70 kg,False,158,Fortuna Düsseldorf,78,Bundesliga,2012,30,29,2560,Attacker,,False,1,8,1,,,4,,,,,,,,,,,,,,,,,9,0,0,,,,,
12918,F. Ohandza,Franck,Ohandza Zoa,32,Cameroon,179 cm,83 kg,False,178,SpVgg Greuther Fürth,78,Bundesliga,2012,0,0,0,Attacker,,False,0,0,0,,,0,,,,,,,,,,,,,,,,,0,0,0,,,,,
24960,J. van den Bergh,Johannes,van den Bergh,37,Germany,183 cm,75 kg,False,158,Fortuna Düsseldorf,78,Bundesliga,2012,33,33,2941,Defender,,False,0,3,0,,,0,,,,,,,,,,,,,,,,,3,0,0,,,,,
25029,S. Schipplock,Sven,Schipplock,35,Germany,186 cm,84 kg,False,167,1899 Hoffenheim,78,Bundesliga,2012,16,7,564,Attacker,,False,9,6,16,,,5,,,,,,,,,,,,,,,,,4,0,0,,,,,
25236,A. Ignjovski,Aleksandar,Ignjovski,32,Serbia,177 cm,71 kg,False,162,Werder Bremen,78,Bundesliga,2012,20,17,1547,Defender,,False,3,3,15,,,1,,,,,,,,,,,,,,,,,2,0,0,,,,,
25298,A. Hahn,André,Hahn,33,Germany,185 cm,80 kg,False,170,FC Augsburg,78,Bundesliga,2012,16,12,1111,Midfielder,,False,4,1,5,,,0,,,,,,,,,,,,,,,,,3,0,0,,,,,
25447,R. Wolf,Raphael,Wolf,35,Germany,190 cm,86 kg,False,162,Werder Bremen,78,Bundesliga,2012,0,0,0,Goalkeeper,,False,0,0,14,,,0,,,,,,,,,,,,,,,,,0,0,0,,,,,
25816,C. Hemlein,Christoph,Hemlein,33,Germany,180 cm,77 kg,False,172,VfB Stuttgart,78,Bundesliga,2012,0,0,0,Midfielder,,False,0,0,3,,,0,,,,,,,,,,,,,,,,,0,0,0,,,,,
26137,S. Lex,Stefan,Lex,34,Germany,178 cm,75 kg,False,178,SpVgg Greuther Fürth,78,Bundesliga,2012,0,0,0,Attacker,,False,0,0,2,,,0,,,,,,,,,,,,,,,,,0,0,0,,,,,
26246,M. Frantz,Mike,Frantz,37,Germany,182 cm,81 kg,False,171,1. FC Nürnberg,78,Bundesliga,2012,27,19,1566,Midfielder,,False,8,14,11,,,1,,,,,,,,,,,,,,,,,3,0,0,,,,,
26258,N. Petersen,Nils,Petersen,35,Germany,188 cm,84 kg,False,162,Werder Bremen,78,Bundesliga,2012,34,30,2741,Attacker,,False,4,8,4,,,11,,,,,,,,,,,,,,,,,3,0,0,,,,,
26536,J. Al-Hazaimeh,Jeron,Al-Hazaimeh,31,Germany,194 cm,78 kg,False,158,Fortuna Düsseldorf,78,Bundesliga,2012,0,0,0,Defender,,False,0,0,0,,,0,,,,,,,,,,,,,,,,,0,0,0,,,,,
26601,N. Brandenburger,Nico,Brandenburger,28,Germany,187 cm,78 kg,False,163,Borussia Mönchengladbach,78,Bundesliga,2012,0,0,0,Midfielder,,False,0,0,1,,,0,,,,,,,,,,,,,,,,,0,0,0,,,,,
26630,P. Schorr,Patrick,Schorr,27,Germany,184 cm,78 kg,False,167,1899 Hoffenheim,78,Bundesliga,2012,1,0,23,Defender,,False,1,0,3,,,0,,,,,,,,,,,,,,,,,0,0,0,,,,,
83660,Dawda Bah,Dawda,Bah,34,Gambia,185 cm,75 kg,False,170,FC Augsburg,78,Bundesliga,2012,0,0,0,Midfielder,,False,0,0,1,,,0,,,,,,,,,,,,,,,,,0,0,0,,,,,
87792,L. Raeder,Lukas,Raeder,30,Germany,194 cm,88 kg,False,157,Bayern München,78,Bundesliga,2012,0,0,0,Goalkeeper,,False,0,0,0,,,0,,,,,,,,,,,,,,,,,0,0,0,,,,,
114253,Mazin Al Huthayfi,Mazin Ahmed,Al Huthayfi,36,Saudi Arabia,182 cm,75 kg,False,158,Fortuna Düsseldorf,78,Bundesliga,2012,0,0,0,Midfielder,,False,0,0,0,,,0,,,,,,,,,,,,,,,,,0,0,0,,,,,
373985,A. Hien,Alexander,Hien,28,Germany,183 cm,72 kg,False,169,Eintracht Frankfurt,78,Bundesliga,2012,0,0,0,Defender,,False,0,0,0,,,0,,,,,,,,,,,,,,,,,0,0,0,,,,,
416,S. Rudy,Sebastian,Rudy,33,Germany,180 cm,74 kg,False,167,1899 Hoffenheim,78,Bundesliga,2012,23,21,1764,Midfielder,,False,2,7,2,,,0,,,,,,,,,,,,,,,,,7,0,0,,,,,
975,J. Baumgartlinger,Julian,Baumgartlinger,35,Austria,181 cm,85 kg,False,164,FSV Mainz 05,78,Bundesliga,2012,32,31,2799,Midfielder,,False,1,1,1,,,0,,,,,,,,,,,,,,,,,8,1,0,,,,,
976,K. Bellarabi,Karim,Bellarabi,33,Germany,184 cm,81 kg,False,168,Bayer Leverkusen,78,Bundesliga,2012,8,5,411,Attacker,,False,3,4,4,,,0,,,,,,,,,,,,,,,,,1,0,0,,,,,
21142,M. Pavlović,Mateo,Pavlović,34,Croatia,196 cm,94 kg,False,162,Werder Bremen,78,Bundesliga,2012,4,3,314,Defender,,False,1,0,14,,,0,,,,,,,,,,,,,,,,,2,0,0,,,,,
24795,L. Sobiech,Lasse,Sobiech,32,Germany,196 cm,88 kg,False,178,SpVgg Greuther Fürth,78,Bundesliga,2012,24,17,1614,Defender,,False,7,1,15,,,2,,,,,,,,,,,,,,,,,3,0,0,,,,,
24808,M. Risse,Marcel,Risse,34,Germany,183 cm,75 kg,False,164,FSV Mainz 05,78,Bundesliga,2012,21,4,601,Midfielder,,False,17,4,24,,,1,,,,,,,,,,,,,,,,,1,0,0,,,,,
25302,J. Morávek,Jan,Morávek,34,Czechia,180 cm,78 kg,False,170,FC Augsburg,78,Bundesliga,2012,21,16,1286,Midfielder,,False,5,13,7,,,1,,,,,,,,,,,,,,,,,3,0,0,,,,,
25315,T. Gebre Selassie,Theodor,Gebre Selassie,37,Czechia,181 cm,71 kg,False,162,Werder Bremen,78,Bundesliga,2012,27,24,2142,Defender,,False,3,2,8,,,1,,,,,,,,,,,,,,,,,1,0,0,,,,,
25344,M. Plattenhardt,Marvin,Plattenhardt,31,Germany,181 cm,76 kg,False,171,1. FC Nürnberg,78,Bundesliga,2012,14,8,814,Defender,,False,6,1,23,,,1,,,,,,,,,,,,,,,,,3,0,0,,,,,
33411,M. Kanazaki,Mu,Kanazaki,35,Japan,180 cm,70 kg,False,171,1. FC Nürnberg,78,Bundesliga,2012,4,1,98,Attacker,,False,3,1,12,,,0,,,,,,,,,,,,,,,,,1,0,0,,,,,
40388,A. Hloušek,Adam,Hloušek,35,Czechia,187 cm,76 kg,False,171,1. FC Nürnberg,78,Bundesliga,2012,0,0,0,Defender,,False,0,0,0,,,0,,,,,,,,,,,,,,,,,0,0,0,,,,,
48335,Denni Robin Avdić,Denni Robin,Avdić,34,Sweden,190 cm,80 kg,False,162,Werder Bremen,78,Bundesliga,2012,0,0,0,Attacker,,False,0,0,0,,,0,,,,,,,,,,,,,,,,,0,0,0,,,,,
51169,F. Affolter,François,Affolter,33,Switzerland,186 cm,75 kg,False,162,Werder Bremen,78,Bundesliga,2012,0,0,0,Defender,,False,0,0,0,,,0,,,,,,,,,,,,,,,,,0,0,0,,,,,
76464,I. Ndoye,Issa,Ndoye,39,Senegal,202 cm,98 kg,False,178,SpVgg Greuther Fürth,78,Bundesliga,2012,0,0,0,Goalkeeper,,False,0,0,0,,,0,,,,,,,,,,,,,,,,,0,0,0,,,,,
78356,T. Petsos,Athanasios,Petsos,32,Greece,184 cm,80 kg,False,178,SpVgg Greuther Fürth,78,Bundesliga,2012,14,9,856,Midfielder,,False,5,2,13,,,1,,,,,,,,,,,,,,,,,3,0,0,,,,,
88019,T. Gebhart,Timo,Gebhart,34,Germany,183 cm,83 kg,False,171,1. FC Nürnberg,78,Bundesliga,2012,18,12,1106,Midfielder,,False,6,6,6,,,2,,,,,,,,,,,,,,,,,4,1,0,,,,,
88041,Noah Samuel  Korczowski,Noah Samuel,Korczowski,29,Germany,188 cm,80 kg,False,171,1. FC Nürnberg,78,Bundesliga,2012,3,0,22,Defender,,False,3,0,14,,,0,,,,,,,,,,,,,,,,,0,0,0,,,,,
114976,S. Gärtner,Sebastian,Gärtner,28,Germany,178 cm,74 kg,False,171,1. FC Nürnberg,78,Bundesliga,2012,0,0,0,Midfielder,,False,0,0,2,,,0,,,,,,,,,,,,,,,,,0,0,0,,,,,
115012,M. Nawe,Max,Nawe,26,Germany,190 cm,80 kg,False,171,1. FC Nürnberg,78,Bundesliga,2012,0,0,0,Goalkeeper,,False,0,0,1,,,0,,,,,,,,,,,,,,,,,0,0,0,,,,,
115102,Predrag Stevanović,Predrag,Stevanović,27,Serbia,178 cm,63 kg,False,162,Werder Bremen,78,Bundesliga,2012,0,0,0,Midfielder,,False,0,0,0,,,0,,,,,,,,,,,,,,,,,0,0,0,,,,,
9760,Carlinhos,Carlos Vinícius,Santos de Jesús,31,Brazil,179 cm,81 kg,False,168,Bayer Leverkusen,78,Bundesliga,2012,0,0,0,Midfielder,,False,0,0,3,,,0,,,,,,,,,,,,,,,,,0,0,0,,,,,
15615,N. Zimling,Niki,Dige Zimling,38,Denmark,178 cm,73 kg,False,164,FSV Mainz 05,78,Bundesliga,2012,13,10,960,Defender,,False,3,4,4,,,1,,,,,,,,,,,,,,,,,5,0,0,,,,,
24861,S. Polter,Sebastian,Polter,34,Germany,192,94,False,171,1. FC Nürnberg,78,Bundesliga,2012,26,10,1075,Attacker,,False,16,6,22,,,5,,,,,,,,,,,,,,,,,6,0,0,,,,,
25064,T. Hoogland,Tim,Hoogland,36,Germany,183 cm,80 kg,False,172,VfB Stuttgart,78,Bundesliga,2012,4,3,212,Defender,,False,1,1,5,,,0,,,,,,,,,,,,,,,,,1,0,0,,,,,
25078,R. Tesche,Robert,Tesche,38,Germany,182,78,False,158,Fortuna Düsseldorf,78,Bundesliga,2012,14,12,1031,Midfielder,,False,2,4,3,,,0,,,,,,,,,,,,,,,,,3,0,0,,,,,
25078,R. Tesche,Robert,Tesche,38,Germany,182,78,False,175,Hamburger SV,78,Bundesliga,2012,4,0,81,Midfielder,,False,4,0,11,,,0,,,,,,,,,,,,,,,,,2,0,0,,,,,
25364,S. Şahin-Radlinger,Samuel,Şahin-Radlinger,33,Austria,198,94,False,166,Hannover 96,78,Bundesliga,2012,0,0,0,Goalkeeper,,False,0,0,0,,,0,,,,,,,,,,,,,,,,,0,0,0,,,,,
25373,Felipe Trevizan,Felipe,Trevizan Martins,36,Brazil,193 cm,90 kg,False,166,Hannover 96,78,Bundesliga,2012,4,3,238,Defender,,False,1,2,4,,,1,,,,,,,,,,,,,,,,,2,0,0,,,,,
26504,Samed Yeşil,Samed,Yeşil,27,Germany,180 cm,72 kg,False,168,Bayer Leverkusen,78,Bundesliga,2012,0,0,0,Attacker,,False,0,0,0,,,0,,,,,,,,,,,,,,,,,0,0,0,,,,,
26823,N. Papadopoulos,Nikos,Papadopoulos,35,Greece,190,82,False,158,Fortuna Düsseldorf,78,Bundesliga,2012,0,0,0,Goalkeeper,,False,0,0,3,,,0,,,,,,,,,,,,,,,,,0,0,0,,,,,
28482,J. Varga,József,Varga,37,Hungary,175 cm,75 kg,False,178,SpVgg Greuther Fürth,78,Bundesliga,2012,6,6,400,Midfielder,,False,0,2,1,,,0,,,,,,,,,,,,,,,,,2,1,0,,,,,
44553,F. Hasani,Ferhan,Hasani,35,North Macedonia,189 cm,76 kg,False,161,VfL Wolfsburg,78,Bundesliga,2012,4,1,181,Midfielder,,False,3,0,4,,,0,,,,,,,,,,,,,,,,,0,0,0,,,,,
47084,F. Malbašić,Filip,Malbašić,33,Serbia,182 cm,79 kg,False,167,1899 Hoffenheim,78,Bundesliga,2012,0,0,0,Attacker,,False,0,0,2,,,0,,,,,,,,,,,,,,,,,0,0,0,,,,,
48749,S. Wieser,Sandro,Wieser,32,Liechtenstein,185,80,False,167,1899 Hoffenheim,78,Bundesliga,2012,0,0,0,Midfielder,,False,0,0,0,,,0,,,,,,,,,,,,,,,,,0,0,0,,,,,
53713,Ivan Paurević,Ivan,Paurević,31,Croatia,194 cm,87 kg,False,158,Fortuna Düsseldorf,78,Bundesliga,2012,4,2,169,Midfielder,,False,2,1,18,,,0,,,,,,,,,,,,,,,,,2,1,0,,,,,
77692,Wellington Wildhy Muniz dos Santos,Wellington Wildhy,Muniz dos Santos,34,Brazil,182,88,False,166,Hannover 96,78,Bundesliga,2012,0,0,0,Midfielder,,False,0,0,0,,,0,,,,,,,,,,,,,,,,,0,0,0,,,,,
80299,Felipe Santana,Felipe Augusto,Santana,37,Brazil,194 cm,80 kg,False,165,Borussia Dortmund,78,Bundesliga,2012,21,15,1453,Defender,,False,6,1,19,,,1,,,,,,,,,,,,,,,,,3,0,0,,,,,
80361,Michel Bastos,Michel,Fernandes Bastos,38,Brazil,178 cm,74 kg,False,174,FC Schalke 04,78,Bundesliga,2012,14,14,1079,Midfielder,,False,0,10,1,,,4,,,,,,,,,,,,,,,,,1,0,0,,,,,
81762,Baye Djiby Fall,Baye Djiby,Fall,34,Senegal,187 cm,82 kg,False,178,SpVgg Greuther Fürth,78,Bundesliga,2012,2,2,128,Attacker,,False,0,2,0,,,0,,,,,,,,,,,,,,,,,1,0,0,,,,,
81994,J. Hegeler,Jens,Hegeler,31,Germany,193 cm,86 kg,False,168,Bayer Leverkusen,78,Bundesliga,2012,27,5,791,Midfielder,,False,22,4,27,,,3,,,,,,,,,,,,,,,,,3,0,0,,,,,
115016,Bálint Bajner,Bálint,Bajner,34,Hungary,197 cm,101 kg,False,165,Borussia Dortmund,78,Bundesliga,2012,1,0,19,Attacker,,False,1,0,2,,,0,,,,,,,,,,,,,,,,,0,0,0,,,,,
16,M. Götze,Mario,Götze,33,Germany,176,75,False,165,Borussia Dortmund,78,Bundesliga,2012,28,23,2028,Midfielder,,False,5,15,5,,,10,,,,,,,,,,,,,,,,,4,0,0,,,,,
506,N. Süle,Niklas,Süle,30,Germany,195,99,False,167,1899 Hoffenheim,78,Bundesliga,2012,2,1,85,Defender,,False,1,1,1,,,0,,,,,,,,,,,,,,,,,0,0,0,,,,,
702,O. Baumann,Oliver,Baumann,35,Germany,187,82,False,160,SC Freiburg,78,Bundesliga,2012,34,34,3060,Goalkeeper,,False,0,0,0,,,0,,,,,,,,,,,,,,,,,0,0,0,,,,,
713,K. Vogt,Kevin,Vogt,34,Germany,194,87,False,170,FC Augsburg,78,Bundesliga,2012,28,20,1851,Defender,,False,8,4,11,,,1,,,,,,,,,,,,,,,,,7,0,1,,,,,
979,D. Kohr,Dominik,Kohr,31,Germany,183,77,False,168,Bayer Leverkusen,78,Bundesliga,2012,4,0,28,Midfielder,,False,4,0,10,,,0,,,,,,,,,,,,,,,,,0,0,0,,,,,
1803,T. Chandler,Timothy,Chandler,35,USA,187,84,False,171,1. FC Nürnberg,78,Bundesliga,2012,30,29,2527,Midfielder,,False,1,5,2,,,1,,,,,,,,,,,,,,,,,5,0,0,,,,,
1827,B. Hrgota,Branimir,Hrgota,32,Sweden,185,76,False,163,Borussia Mönchengladbach,78,Bundesliga,2012,13,2,367,Attacker,,False,11,2,16,,,3,,,,,,,,,,,,,,,,,0,0,0,,,,,
2915,M. Ginter,Matthias Lukas,Ginter,31,Germany,191,86,False,160,SC Freiburg,78,Bundesliga,2012,23,21,1947,Defender,,False,2,0,4,,,1,,,,,,,,,,,,,,,,,4,0,0,,,,,
25168,N. Lomb,Niklas,Lomb,32,Germany,186,84,False,168,Bayer Leverkusen,78,Bundesliga,2012,0,0,0,Goalkeeper,,False,0,0,0,,,0,,,,,,,,,,,,,,,,,0,0,0,,,,,
25402,S. Jung,Sebastian Alexander,Jung,35,Germany,179,72,False,169,Eintracht Frankfurt,78,Bundesliga,2012,32,32,2839,Defender,,False,0,1,0,,,1,,,,,,,,,,,,,,,,,5,0,0,,,,,
25408,M. Arnold,Maximilian,Arnold,31,Germany,184,74,False,161,VfL Wolfsburg,78,Bundesliga,2012,6,5,405,Midfielder,,False,1,5,5,,,2,,,,,,,,,,,,,,,,,1,0,0,,,,,
25411,F. Klaus,Felix,Klaus,33,Germany,179,79,False,178,SpVgg Greuther Fürth,78,Bundesliga,2012,24,19,1665,Midfielder,,False,5,9,7,,,2,,,,,,,,,,,,,,,,,3,0,0,,,,,
25461,K. Stöger,Kevin,Stöger,32,Austria,175,74,False,172,VfB Stuttgart,78,Bundesliga,2012,0,0,0,Midfielder,,False,0,0,3,,,0,,,,,,,,,,,,,,,,,0,0,0,,,,,
25463,M. Zimmermann,Matthias Jürgen,Zimmermann,33,Germany,177,76,False,178,SpVgg Greuther Fürth,78,Bundesliga,2012,15,13,1231,Defender,,False,2,0,3,,,1,,,,,,,,,,,,,,,,,2,1,0,,,,,
25463,M. Zimmermann,Matthias Jürgen,Zimmermann,33,Germany,177,76,False,163,Borussia Mönchengladbach,78,Bundesliga,2012,0,0,0,Defender,,False,0,0,0,,,0,,,,,,,,,,,,,,,,,0,0,0,,,,,
25635,J. Hofmann,Jonas,Hofmann,33,Germany,176,73,False,165,Borussia Dortmund,78,Bundesliga,2012,3,2,170,Midfielder,,False,1,1,2,,,0,,,,,,,,,,,,,,,,,0,0,0,,,,,
25907,S. Bell,Stefan,Bell,34,Germany,192,88,False,164,FSV Mainz 05,78,Bundesliga,2012,8,5,468,Defender,,False,3,0,12,,,0,,,,,,,,,,,,,,,,,2,0,0,,,,,
26291,J. Grahl,Jens,Grahl,37,Germany,192,88,False,167,1899 Hoffenheim,78,Bundesliga,2012,0,0,0,Goalkeeper,,False,0,0,17,,,0,,,,,,,,,,,,,,,,,0,0,0,,,,,
26395,P. Drewes,Patrick,Drewes,32,Germany,194,87,False,161,VfL Wolfsburg,78,Bundesliga,2012,0,0,0,Goalkeeper,,False,0,0,0,,,0,,,,,,,,,,,,,,,,,0,0,0,,,,,
37246,J. Blaswich,Janis Jonathan,Blaswich,34,Germany,193,88,False,163,Borussia Mönchengladbach,78,Bundesliga,2012,0,0,0,Goalkeeper,,False,0,0,1,,,0,,,,,,,,,,,,,,,,,0,0,0,,,,,
90829,D. Batz,Daniel,Batz,34,Germany,191,87,False,160,SC Freiburg,78,Bundesliga,2012,0,0,0,Goalkeeper,,False,0,0,20,,,0,,,,,,,,,,,,,,,,,0,0,0,,,,,
335,A. Younes,Amin,Younes,32,Germany,168,67,False,163,Borussia Mönchengladbach,78,Bundesliga,2012,11,6,522,Attacker,,False,5,6,8,,,1,,,,,,,,,,,,,,,,,0,0,0,,,,,
497,M. Neuer,Manuel Peter,Neuer,39,Germany,193,93,False,157,Bayern München,78,Bundesliga,2012,31,31,2790,Goalkeeper,,False,0,0,3,,,0,,,,,,,,,,,,,,,,,2,0,0,,,,,
498,S. Ulreich,Sven,Ulreich,37,Germany,192,87,False,172,VfB Stuttgart,78,Bundesliga,2012,34,34,3060,Goalkeeper,,False,0,0,0,,,0,,,,,,,,,,,,,,,,,2,0,0,,,,,
1808,M. Russ,Marco,Russ,36,Germany,190 cm,88 kg,False,169,Eintracht Frankfurt,78,Bundesliga,2012,10,7,618,Defender,,False,3,1,10,,,1,,,,,,,,,,,,,,,,,5,0,0,,,,,
1808,M. Russ,Marco,Russ,36,Germany,190 cm,88 kg,False,161,VfL Wolfsburg,78,Bundesliga,2012,0,0,0,Defender,,False,0,0,0,,,0,,,,,,,,,,,,,,,,,0,0,0,,,,,
7076,J. Wießmeier,Julian,Wießmeier,33,Germany,171,71,False,171,1. FC Nürnberg,78,Bundesliga,2012,0,0,0,Midfielder,,False,0,0,0,,,0,,,,,,,,,,,,,,,,,0,0,0,,,,,
24947,A. Meier,Alexander,Meier,38,Germany,196 cm,96 kg,False,169,Eintracht Frankfurt,78,Bundesliga,2012,31,31,2726,Attacker,,False,0,3,0,,,16,,,,,,,,,,,,,,,,,4,0,0,,,,,
24990,B. Saller,Benedikt,Saller,33,Germany,178,72,False,164,FSV Mainz 05,78,Bundesliga,2012,1,0,15,Defender,,False,1,0,2,,,0,,,,,,,,,,,,,,,,,0,0,0,,,,,
25022,P. Weihrauch,Patrick,Weihrauch,31,Germany,181,74,False,157,Bayern München,78,Bundesliga,2012,0,0,0,Midfielder,,False,0,0,2,,,0,,,,,,,,,,,,,,,,,0,0,0,,,,,
25300,R. Khedira,Rani,Khedira,31,Germany,188,84,False,172,VfB Stuttgart,78,Bundesliga,2012,0,0,0,Midfielder,,False,0,0,2,,,0,,,,,,,,,,,,,,,,,0,0,0,,,,,
26087,B. Uphoff,Benjamin,Uphoff,32,Germany,192,84,False,171,1. FC Nürnberg,78,Bundesliga,2012,0,0,0,Goalkeeper,,False,0,0,2,,,0,,,,,,,,,,,,,,,,,0,0,0,,,,,
26236,C. Günter,Christian,Günter,32,Germany,184,83,False,160,SC Freiburg,78,Bundesliga,2012,7,3,319,Defender,,False,4,1,18,,,0,,,,,,,,,,,,,,,,,1,0,0,,,,,
26248,V. Grifo,Vincenzo,Grifo,32,Italy,180,76,False,167,1899 Hoffenheim,78,Bundesliga,2012,12,1,270,Midfielder,,False,11,1,13,,,0,,,,,,,,,,,,,,,,,0,0,0,,,,,
41462,Felipe Lopes,Felipe Aliste,Lopes,34,Brazil,189 cm,82 kg,False,172,VfB Stuttgart,78,Bundesliga,2012,3,3,270,Defender,,False,0,0,11,,,0,,,,,,,,,,,,,,,,,1,0,0,,,,,
41462,Felipe Lopes,Felipe Aliste,Lopes,34,Brazil,189 cm,82 kg,False,161,VfL Wolfsburg,78,Bundesliga,2012,1,0,19,Defender,,False,1,0,2,,,0,,,,,,,,,,,,,,,,,0,0,0,,,,,
90714,Raphael Schäfer,Raphael,Schäfer,38,Germany,190 cm,94 kg,False,171,1. FC Nürnberg,78,Bundesliga,2012,31,31,2746,Goalkeeper,,False,0,1,0,,,0,,,,,,,,,,,,,,,,,1,0,0,,,,,
90833,M. Mendler,Markus,Mendler,32,Germany,173,72,False,171,1. FC Nürnberg,78,Bundesliga,2012,3,2,152,Midfielder,,False,1,2,8,,,0,,,,,,,,,,,,,,,,,1,0,0,,,,,
94235,R. Brouwers,Roel,Brouwers,40,Netherlands,192 cm,81 kg,False,163,Borussia Mönchengladbach,78,Bundesliga,2012,21,15,1424,Defender,,False,6,0,18,,,1,,,,,,,,,,,,,,,,,2,0,0,,,,,
114928,Anderson Soares de Oliveira,Anderson,Soares de Oliveira,29,Brazil,188 cm,80 kg,False,169,Eintracht Frankfurt,78,Bundesliga,2012,28,28,2492,Defender,,False,0,1,0,,,1,,,,,,,,,,,,,,,,,3,0,0,,,,,
114932,S. Lakić,Srđan,Lakić,38,Croatia,186 cm,81 kg,False,169,Eintracht Frankfurt,78,Bundesliga,2012,14,9,752,Attacker,,False,5,5,5,,,4,,,,,,,,,,,,,,,,,2,0,0,,,,,
114932,S. Lakić,Srđan,Lakić,38,Croatia,186 cm,81 kg,False,161,VfL Wolfsburg,78,Bundesliga,2012,8,1,142,Attacker,,False,7,0,13,,,0,,,,,,,,,,,,,,,,,0,0,0,,,,,
114966,M. Amsif,Mohamed,Amsif,36,Morocco,187,90,False,170,FC Augsburg,78,Bundesliga,2012,17,17,1530,Goalkeeper,,False,0,0,17,,,0,,,,,,,,,,,,,,,,,0,0,0,,,,,
115006,B. Köhler,Benjamin,Köhler,41,Germany,172 cm,66 kg,False,169,Eintracht Frankfurt,78,Bundesliga,2012,6,0,30,Midfielder,,False,6,0,17,,,0,,,,,,,,,,,,,,,,,0,0,0,,,,,
478,Jefferson Agustín Farfán Guadalupe,Jefferson Agustín,Farfán Guadalupe,38,Peru,178 cm,84 kg,False,174,FC Schalke 04,78,Bundesliga,2012,27,25,2174,Attacker,,False,2,7,2,,,6,,,,,,,,,,,,,,,,,1,0,0,,,,,
729,Á. Szalai,Ádám Csaba,Szalai,36,Hungary,193 cm,93 kg,False,164,FSV Mainz 05,78,Bundesliga,2012,29,26,2402,Attacker,,False,3,7,3,,,13,,,,,,,,,,,,,,,,,6,0,0,,,,,
1802,D. Abraham,David Ángel,Abraham,35,Argentina,188 cm,83 kg,False,167,1899 Hoffenheim,78,Bundesliga,2012,12,12,1024,Defender,,False,0,1,1,,,0,,,,,,,,,,,,,,,,,1,0,0,,,,,
2343,S. Huszti,Szabolcs,Huszti,38,Hungary,173 cm,73 kg,False,166,Hannover 96,78,Bundesliga,2012,21,19,1652,Midfielder,,False,2,5,3,,,9,,,,,,,,,,,,,,,,,5,1,0,,,,,
2365,S. Malezas,Stylianos,Malezas,36,Greece,193 cm,80 kg,False,158,Fortuna Düsseldorf,78,Bundesliga,2012,21,21,1885,Defender,,False,0,2,2,,,0,,,,,,,,,,,,,,,,,4,0,0,,,,,
25210,Almog Cohen,Almog,Cohen,34,Israel,170 cm,71 kg,False,171,1. FC Nürnberg,78,Bundesliga,2012,9,3,383,Midfielder,,False,6,0,12,,,0,,,,,,,,,,,,,,,,,1,0,0,,,,,
25636,F. Johnson,Fabian,Johnson,34,USA,183 cm,74 kg,False,167,1899 Hoffenheim,78,Bundesliga,2012,31,30,2677,Midfielder,,False,1,3,1,,,3,,,,,,,,,,,,,,,,,1,0,0,,,,,
35806,Francisco Javier Rodríguez Pinedo,Francisco Javier,Rodríguez Pinedo,42,Mexico,191 cm,80 kg,False,172,VfB Stuttgart,78,Bundesliga,2012,14,9,891,Defender,,False,5,0,8,,,0,,,,,,,,,,,,,,,,,1,0,0,,,,,
78370,H. Westermann,Heiko,Westermann,38,Germany,190 cm,87 kg,False,175,Hamburger SV,78,Bundesliga,2012,34,34,3034,Defender,,False,0,1,0,,,3,,,,,,,,,,,,,,,,,4,0,0,,,,,
83414,Anthony Gildas Kofi Annan,Anthony Gildas Kofi,Annan,37,Ghana,175 cm,64 kg,False,174,FC Schalke 04,78,Bundesliga,2012,0,0,0,Midfielder,,False,0,0,0,,,0,,,,,,,,,,,,,,,,,0,0,0,,,,,
90636,P. Verhaegh,Paul,Verhaegh,38,Netherlands,178 cm,74 kg,False,170,FC Augsburg,78,Bundesliga,2012,17,16,1470,Defender,,False,1,1,1,,,0,,,,,,,,,,,,,,,,,2,0,0,,,,,
103836,Juan Fernando Arango Sáenz,Juan Fernando,Arango Sáenz,39,Venezuela,180 cm,76 kg,False,163,Borussia Mönchengladbach,78,Bundesliga,2012,31,31,2725,Midfielder,,False,0,5,0,,,5,,,,,,,,,,,,,,,,,2,0,0,,,,,
104655,I. Vorsah,Isaac,Vorsah,33,Ghana,192 cm,85 kg,False,167,1899 Hoffenheim,78,Bundesliga,2012,0,0,0,Defender,,False,0,0,0,,,0,,,,,,,,,,,,,,,,,0,0,0,,,,,
105799,Anatoliy Tymoshchuk,Anatoliy,Tymoshchuk,38,Ukraine,181 cm,70 kg,False,157,Bayern München,78,Bundesliga,2012,16,5,580,Midfielder,,False,11,2,28,,,1,,,,,,,,,,,,,,,,,2,0,0,,,,,
114915,Álvaro Domínguez Soto,Álvaro,Domínguez Soto,27,Spain,189 cm,83 kg,False,163,Borussia Mönchengladbach,78,Bundesliga,2012,30,30,2700,Defender,,False,0,0,1,,,2,,,,,,,,,,,,,,,,,8,0,0,,,,,
114924,N. Noveski,Nikolče,Noveski,42,North Macedonia,190 cm,87 kg,False,164,FSV Mainz 05,78,Bundesliga,2012,32,32,2880,Defender,,False,0,0,1,,,2,,,,,,,,,,,,,,,,,6,0,0,,,,,
114960,S. Cherundolo,Steven,Cherundolo,42,USA,172 cm,69 kg,False,166,Hannover 96,78,Bundesliga,2012,20,20,1764,Defender,,False,0,3,4,,,0,,,,,,,,,,,,,,,,,1,0,0,,,,,
114961,M. Friedrich,Manuel,Friedrich,42,Germany,189 cm,83 kg,False,168,Bayer Leverkusen,78,Bundesliga,2012,11,5,452,Defender,,False,6,1,28,,,0,,,,,,,,,,,,,,,,,1,0,0,,,,,
114999,G. Sankoh,Gibril,Sankoh,38,Sierra Leone,186 cm,80 kg,False,170,FC Augsburg,78,Bundesliga,2012,11,9,896,Defender,,False,2,1,7,,,0,,,,,,,,,,,,,,,,,2,0,0,,,,,
115002,O. Nikolov,Oka,Nikolov,47,North Macedonia,188 cm,86 kg,False,169,Eintracht Frankfurt,78,Bundesliga,2012,8,8,696,Goalkeeper,,False,0,1,26,,,0,,,,,,,,,,,,,,,,,0,0,0,,,,,
1091,Z. Junuzović,Zlatko,Junuzović,35,Austria,172 cm,69 kg,False,162,Werder Bremen,78,Bundesliga,2012,30,28,2461,Midfielder,,False,2,9,2,,,3,,,,,,,,,,,,,,,,,6,0,0,,,,,
6851,G. Niedermeier,Georg,Niedermeier,33,Germany,190 cm,78 kg,False,172,VfB Stuttgart,78,Bundesliga,2012,27,25,2238,Defender,,False,2,0,4,,,1,,,,,,,,,,,,,,,,,6,1,0,,,,,
8945,Igor Albert Rinck de Diver Camargo,Igor Albert,Rinck de Diver Camargo,39,Belgium,187 cm,85 kg,False,167,1899 Hoffenheim,78,Bundesliga,2012,8,4,356,Attacker,,False,4,2,10,,,1,,,,,,,,,,,,,,,,,0,0,0,,,,,
8945,Igor Albert Rinck de Diver Camargo,Igor Albert,Rinck de Diver Camargo,39,Belgium,187 cm,85 kg,False,163,Borussia Mönchengladbach,78,Bundesliga,2012,14,7,614,Attacker,,False,7,6,9,,,2,,,,,,,,,,,,,,,,,1,0,0,,,,,
25445,M. Rensing,Michael,Rensing,37,Germany,190 cm,93 kg,False,168,Bayer Leverkusen,78,Bundesliga,2012,2,2,180,Goalkeeper,,False,0,0,26,,,0,,,,,,,,,,,,,,,,,0,0,0,,,,,
25451,D. Contento,Diego Armando Valentin,Contento,31,Germany,177 cm,74 kg,False,157,Bayern München,78,Bundesliga,2012,5,4,377,Defender,,False,1,0,9,,,0,,,,,,,,,,,,,,,,,0,0,0,,,,,
25642,Raffael Caetano de Araújo,Raffael,Caetano de Araújo,37,Brazil,174 cm,69 kg,False,174,FC Schalke 04,78,Bundesliga,2012,16,7,791,Attacker,,False,9,2,10,,,2,,,,,,,,,,,,,,,,,0,0,0,,,,,
26278,S. Fürstner,Stephan,Fürstner,35,Germany,178 cm,74 kg,False,178,SpVgg Greuther Fürth,78,Bundesliga,2012,30,30,2660,Midfielder,,False,0,5,1,,,1,,,,,,,,,,,,,,,,,8,0,0,,,,,
33497,G. Omae,Genki,Omae,34,Japan,167 cm,68 kg,False,158,Fortuna Düsseldorf,78,Bundesliga,2012,7,2,161,Attacker,,False,5,1,11,,,0,,,,,,,,,,,,,,,,,0,0,0,,,,,
79075,T. Simons,Timmy,Simons,45,Belgium,186 cm,79 kg,False,171,1. FC Nürnberg,78,Bundesliga,2012,34,34,3030,Midfielder,,False,0,2,0,,,5,,,,,,,,,,,,,,,,,4,0,0,,,,,
90640,R. Weidenfeller,Roman,Weidenfeller,41,Germany,190 cm,90 kg,False,165,Borussia Dortmund,78,Bundesliga,2012,31,31,2780,Goalkeeper,,False,0,0,1,,,0,,,,,,,,,,,,,,,,,1,0,1,,,,,
90642,S. Kießling,Stefan,Kießling,37,Germany,191 cm,81 kg,False,168,Bayer Leverkusen,78,Bundesliga,2012,34,34,3019,Attacker,,False,0,8,0,,,25,,,,,,,,,,,,,,,,,1,0,0,,,,,
90643,T. Starke,Tom,Starke,40,Germany,194 cm,98 kg,False,157,Bayern München,78,Bundesliga,2012,3,3,270,Goalkeeper,,False,0,0,31,,,0,,,,,,,,,,,,,,,,,0,0,0,,,,,
90656,P. Lahm,Philipp,Lahm,38,Germany,170 cm,66 kg,False,157,Bayern München,78,Bundesliga,2012,29,28,2502,Defender,,False,1,2,2,,,0,,,,,,,,,,,,,,,,,0,0,0,,,,,
105418,A. Ivanschitz,Andreas,Ivanschitz,38,Austria,184 cm,82 kg,False,164,FSV Mainz 05,78,Bundesliga,2012,31,29,2297,Midfielder,,False,2,18,3,,,7,,,,,,,,,,,,,,,,,2,0,0,,,,,
114908,Martin Stranzl,Martin,Stranzl,36,Austria,190 cm,83 kg,False,163,Borussia Mönchengladbach,78,Bundesliga,2012,26,26,2275,Defender,,False,0,1,2,,,5,,,,,,,,,,,,,,,,,5,0,1,,,,,
114938,J. Schlaudraff,Jan,Schlaudraff,38,Germany,180 cm,68 kg,False,166,Hannover 96,78,Bundesliga,2012,30,22,1846,Attacker,,False,8,11,12,,,2,,,,,,,,,,,,,,,,,2,0,0,,,,,
114977,A. Ottl,Andreas,Ottl,36,Germany,186 cm,78 kg,False,170,FC Augsburg,78,Bundesliga,2012,13,10,827,Midfielder,,False,3,5,16,,,0,,,,,,,,,,,,,,,,,1,0,0,,,,,
114987,Sérgio Pinto,Sérgio,da Silva Pinto,41,Portugal,176 cm,72 kg,False,166,Hannover 96,78,Bundesliga,2012,30,28,2452,Midfielder,,False,2,8,2,,,2,,,,,,,,,,,,,,,,,7,1,0,,,,,
115003,T. Wiese,Tim,Wiese,40,Germany,193 cm,91 kg,False,167,1899 Hoffenheim,78,Bundesliga,2012,10,10,900,Goalkeeper,,False,0,0,0,,,0,,,,,,,,,,,,,,,,,0,0,0,,,,,
115010,C. Metzelder,Christoph,Metzelder,41,Germany,194 cm,91 kg,False,174,FC Schalke 04,78,Bundesliga,2012,4,1,201,Defender,,False,3,0,15,,,0,,,,,,,,,,,,,,,,,0,0,0,,,,,
11,Marcel Schmelzer,Marcel,Schmelzer,34,Germany,180 cm,74 kg,False,165,Borussia Dortmund,78,Bundesliga,2012,29,29,2489,Defender,,False,0,1,2,,,0,,,,,,,,,,,,,,,,,3,0,1,,,,,
966,S. Bender,Sven,Bender,32,Germany,186 cm,80 kg,False,165,Borussia Dortmund,78,Bundesliga,2012,20,15,1322,Defender,,False,5,3,10,,,1,,,,,,,,,,,,,,,,,1,0,0,,,,,
25286,J. Callsen-Bracker,Jan-Ingwer,Callsen-Bracker,37,Germany,188 cm,84 kg,False,170,FC Augsburg,78,Bundesliga,2012,24,23,2062,Defender,,False,1,1,2,,,2,,,,,,,,,,,,,,,,,5,0,0,,,,,
25308,Julian Schieber,Julian,Schieber,32,Germany,186 cm,85 kg,False,165,Borussia Dortmund,78,Bundesliga,2012,23,6,784,Attacker,,False,17,1,27,,,3,,,,,,,,,,,,,,,,,4,1,0,,,,,
25359,V. Ibišević,Vedad,Ibišević,37,Bosnia and Herzegovina,188 cm,83 kg,False,172,VfB Stuttgart,78,Bundesliga,2012,30,30,2665,Attacker,,False,0,5,0,,,15,,,,,,,,,,,,,,,,,10,0,1,,,,,
25578,Vladimir Rankovic,Vladimir,Rankovic,28,Germany,172 cm,73 kg,False,157,Bayern München,78,Bundesliga,2012,0,0,0,Defender,,False,0,0,1,,,0,,,,,,,,,,,,,,,,,0,0,0,,,,,
25647,I. Traoré,Ibrahima,Traoré,33,Guinea,171 cm,61 kg,False,172,VfB Stuttgart,78,Bundesliga,2012,32,27,2328,Attacker,,False,5,20,6,,,3,,,,,,,,,,,,,,,,,5,0,0,,,,,
26020,Ronny Garbuschewski,Ronny,Garbuschewski,36,Germany,180 cm,76 kg,False,158,Fortuna Düsseldorf,78,Bundesliga,2012,7,3,241,Midfielder,,False,4,3,10,,,0,,,,,,,,,,,,,,,,,0,0,0,,,,,
26296,H. Badstuber,Holger,Badstuber,33,Germany,189 cm,83 kg,False,157,Bayern München,78,Bundesliga,2012,12,12,983,Defender,,False,0,2,1,,,0,,,,,,,,,,,,,,,,,0,0,0,,,,,
48155,C. Obasi,Chinedu Ogbuke,Obasi,35,Nigeria,188 cm,79 kg,False,174,FC Schalke 04,78,Bundesliga,2012,4,2,153,Attacker,,False,2,2,8,,,0,,,,,,,,,,,,,,,,,0,0,0,,,,,
77189,K. Matmour,Karim,Matmour,36,Algeria,184 cm,78 kg,False,169,Eintracht Frankfurt,78,Bundesliga,2012,24,12,1201,Attacker,,False,12,8,19,,,1,,,,,,,,,,,,,,,,,4,2,0,,,,,
87940,K. Pannewitz,Kevin,Pannewitz,28,Germany,183 cm,83 kg,False,161,VfL Wolfsburg,78,Bundesliga,2012,0,0,0,Midfielder,,False,0,0,0,,,0,,,,,,,,,,,,,,,,,0,0,0,,,,,
88081,Evans Owusu Nyarko,Evans,Owusu Nyarko,30,Ghana,183 cm,77 kg,False,158,Fortuna Düsseldorf,78,Bundesliga,2012,0,0,0,Midfielder,,False,0,0,2,,,0,,,,,,,,,,,,,,,,,0,0,0,,,,,
89038,T. Hajnal,Tamás,Hajnal,40,Hungary,168 cm,67 kg,False,172,VfB Stuttgart,78,Bundesliga,2012,13,7,472,Midfielder,,False,6,7,21,,,0,,,,,,,,,,,,,,,,,0,0,0,,,,,
90668,T. Levels,Tobias,Levels,35,Germany,185 cm,80 kg,False,158,Fortuna Düsseldorf,78,Bundesliga,2012,19,17,1534,Defender,,False,2,1,14,,,0,,,,,,,,,,,,,,,,,5,0,0,,,,,
90673,M. Feulner,Markus,Feulner,39,Germany,183 cm,82 kg,False,171,1. FC Nürnberg,78,Bundesliga,2012,23,17,1529,Midfielder,,False,6,4,11,,,4,,,,,,,,,,,,,,,,,3,0,1,,,,,
91019,C. Heimeroth,Christofer,Heimeroth,40,Germany,194 cm,91 kg,False,163,Borussia Mönchengladbach,78,Bundesliga,2012,1,0,13,Goalkeeper,,False,1,0,33,,,0,,,,,,,,,,,,,,,,,0,0,0,,,,,
114926,Mensur Mujdža,Mensur,Mujdža,33,Bosnia and Herzegovina,185 cm,77 kg,False,160,SC Freiburg,78,Bundesliga,2012,23,21,1869,Defender,,False,2,5,4,,,0,,,,,,,,,,,,,,,,,7,0,0,,,,,
114930,Sebastian Kehl,Sebastian,Kehl,35,Germany,187 cm,87 kg,False,165,Borussia Dortmund,78,Bundesliga,2012,22,19,1494,Midfielder,,False,3,10,6,,,0,,,,,,,,,,,,,,,,,2,0,0,,,,,
114986,T. Kleine,Thomas,Kleine,44,Germany,191 cm,82 kg,False,178,SpVgg Greuther Fürth,78,Bundesliga,2012,22,19,1690,Defender,,False,3,1,13,,,0,,,,,,,,,,,,,,,,,6,0,1,,,,,
14328,André Fomitschow,André,Fomitschow,29,Germany,180 cm,76 kg,False,158,Fortuna Düsseldorf,78,Bundesliga,2012,1,0,0,Defender,,False,1,0,5,,,0,,,,,,,,,,,,,,,,,0,0,0,,,,,
24989,M. Lais,Marc,Lais,31,Germany,184 cm,69 kg,False,160,SC Freiburg,78,Bundesliga,2012,1,0,8,Midfielder,,False,1,0,10,,,0,,,,,,,,,,,,,,,,,0,0,0,,,,,
25456,Oliver Fink,Oliver,Fink,40,Germany,187 cm,78 kg,False,158,Fortuna Düsseldorf,78,Bundesliga,2012,26,21,1861,Midfielder,,False,5,4,7,,,3,,,,,,,,,,,,,,,,,6,1,1,,,,,
25665,F. Trinks,Florian,Trinks,29,Germany,185 cm,74 kg,False,178,SpVgg Greuther Fürth,78,Bundesliga,2012,2,1,102,Midfielder,,False,1,1,5,,,1,,,,,,,,,,,,,,,,,0,0,0,,,,,
25665,F. Trinks,Florian,Trinks,29,Germany,185 cm,74 kg,False,162,Werder Bremen,78,Bundesliga,2012,0,0,0,Midfielder,,False,0,0,0,,,0,,,,,,,,,,,,,,,,,0,0,0,,,,,
26484,A. Lukimya-Mulongoti,Assani,Lukimya-Mulongoti,35,Congo DR,190 cm,88 kg,False,162,Werder Bremen,78,Bundesliga,2012,22,17,1585,Defender,,False,5,0,14,,,1,,,,,,,,,,,,,,,,,2,1,1,,,,,
26543,M. Schulze,Michael,Schulze,30,Germany,185 cm,78 kg,False,161,VfL Wolfsburg,78,Bundesliga,2012,0,0,0,Defender,,False,0,0,2,,,0,,,,,,,,,,,,,,,,,0,0,0,,,,,
47042,Dani Schahin,Dani,Schahin,30,Germany,187 cm,82 kg,False,158,Fortuna Düsseldorf,78,Bundesliga,2012,31,16,1761,Attacker,,False,15,10,15,,,8,,,,,,,,,,,,,,,,,4,0,0,,,,,
62408,Tuğrul Erat,Tuğrul,Erat,30,Azerbaijan,193 cm,84 kg,False,158,Fortuna Düsseldorf,78,Bundesliga,2012,0,0,0,Midfielder,,False,0,0,0,,,0,,,,,,,,,,,,,,,,,0,0,0,,,,,
78401,R. Almer,Robert,Almer,37,Austria,194 cm,88 kg,False,158,Fortuna Düsseldorf,78,Bundesliga,2012,1,0,10,Goalkeeper,,False,1,0,31,,,0,,,,,,,,,,,,,,,,,0,0,0,,,,,
87987,Sebastian Tyrala,Sebastian,Tyrala,31,Poland,172 cm,79 kg,False,178,SpVgg Greuther Fürth,78,Bundesliga,2012,1,1,69,Midfielder,,False,0,1,2,,,0,,,,,,,,,,,,,,,,,0,0,0,,,,,
88003,Denis Streker,Denis,Streker,32,Germany,188 cm,81 kg,False,167,1899 Hoffenheim,78,Bundesliga,2012,4,2,230,Midfielder,,False,2,0,9,,,0,,,,,,,,,,,,,,,,,0,0,0,,,,,
88022,P. Ochs,Patrick,Ochs,37,Germany,179 cm,71 kg,False,167,1899 Hoffenheim,78,Bundesliga,2012,12,8,758,Defender,,False,4,3,16,,,0,,,,,,,,,,,,,,,,,3,0,0,,,,,
88022,P. Ochs,Patrick,Ochs,37,Germany,179 cm,71 kg,False,161,VfL Wolfsburg,78,Bundesliga,2012,0,0,0,Defender,,False,0,0,0,,,0,,,,,,,,,,,,,,,,,0,0,0,,,,,
90681,T. Werner,Tobias,Werner,36,Germany,175 cm,70 kg,False,170,FC Augsburg,78,Bundesliga,2012,30,29,2220,Midfielder,,False,1,23,1,,,5,,,,,,,,,,,,,,,,,5,0,0,,,,,
90698,Andreas Lambertz,Andreas,Lambertz,36,Germany,172 cm,70 kg,False,158,Fortuna Düsseldorf,78,Bundesliga,2012,28,26,2269,Midfielder,,False,2,9,3,,,1,,,,,,,,,,,,,,,,,8,0,0,,,,,
90704,A. Bellinghausen,Axel,Bellinghausen,38,Germany,182 cm,80 kg,False,158,Fortuna Düsseldorf,78,Bundesliga,2012,31,25,2192,Midfielder,,False,6,7,9,,,3,,,,,,,,,,,,,,,,,3,0,0,,,,,
114952,Robin Szarka,Robin,Szarka,31,Germany,176 cm,71 kg,False,167,1899 Hoffenheim,78,Bundesliga,2012,1,0,44,Midfielder,,False,1,0,5,,,0,,,,,,,,,,,,,,,,,0,0,0,,,,,
114959,Torsten Oehrl,Torsten,Oehrl,32,Germany,192 cm,85 kg,False,170,FC Augsburg,78,Bundesliga,2012,27,11,1133,Attacker,,False,16,6,20,,,1,,,,,,,,,,,,,,,,,0,0,0,,,,,
114995,Jens Langeneke,Jens,Langeneke,41,Germany,185 cm,78 kg,False,158,Fortuna Düsseldorf,78,Bundesliga,2012,16,16,1391,Defender,,False,0,1,8,,,2,,,,,,,,,,,,,,,,,4,0,0,,,,,
115048,M. Amedick,Martin,Amedick,39,Germany,194 cm,85 kg,False,169,Eintracht Frankfurt,78,Bundesliga,2012,0,0,0,Defender,,False,0,0,0,,,0,,,,,,,,,,,,,,,,,0,0,0,,,,,
259487,E. Wille,Erik,Wille,28,Germany,183 cm,74 kg,False,169,Eintracht Frankfurt,78,Bundesliga,2012,0,0,0,Defender,,False,0,0,0,,,0,,,,,,,,,,,,,,,,,0,0,0,,,,,
24937,J. Flum,Johannes,Flum,35,Germany,190 cm,82 kg,False,160,SC Freiburg,78,Bundesliga,2012,26,10,1151,Midfielder,,False,16,2,16,,,1,,,,,,,,,,,,,,,,,1,0,0,,,,,
24996,S. Freis,Sebastian,Freis,36,Germany,183 cm,80 kg,False,160,SC Freiburg,78,Bundesliga,2012,12,6,509,Attacker,,False,6,5,11,,,1,,,,,,,,,,,,,,,,,0,0,0,,,,,
25145,M. Caligiuri,Marco,Caligiuri,37,Germany,180 cm,75 kg,False,164,FSV Mainz 05,78,Bundesliga,2012,22,13,1191,Defender,,False,9,8,15,,,1,,,,,,,,,,,,,,,,,1,0,0,,,,,
25157,S. Parker,Shawn,Parker,28,Germany,181 cm,78 kg,False,164,FSV Mainz 05,78,Bundesliga,2012,16,10,821,Midfielder,,False,6,7,13,,,3,,,,,,,,,,,,,,,,,2,1,1,,,,,
25372,O. Sorg,Oliver,Sorg,31,Germany,175 cm,78 kg,False,160,SC Freiburg,78,Bundesliga,2012,32,32,2868,Defender,,False,0,2,1,,,0,,,,,,,,,,,,,,,,,3,0,0,,,,,
25656,Ronny Philp,Ronny,Philp,32,Germany,180 cm,77 kg,False,170,FC Augsburg,78,Bundesliga,2012,4,4,313,Defender,,False,0,1,4,,,0,,,,,,,,,,,,,,,,,0,0,0,,,,,
25716,A. Stevanović,Aleksandar,Stevanović,29,Serbia,175 cm,65 kg,False,162,Werder Bremen,78,Bundesliga,2012,2,0,18,Midfielder,,False,2,0,3,,,0,,,,,,,,,,,,,,,,,0,0,0,,,,,
25803,W. Hesl,Wolfgang,Hesl,35,Germany,186 cm,87 kg,False,178,SpVgg Greuther Fürth,78,Bundesliga,2012,17,17,1530,Goalkeeper,,False,0,0,15,,,0,,,,,,,,,,,,,,,,,0,0,0,,,,,
26279,Bernd Nehrig,Bernd,Nehrig,36,Germany,182 cm,81 kg,False,178,SpVgg Greuther Fürth,78,Bundesliga,2012,26,24,2024,Midfielder,,False,2,7,6,,,1,,,,,,,,,,,,,,,,,5,0,0,,,,,
88023,I. Azemi,Ilir,Azemi,29,Kosovo,191 cm,90 kg,False,178,SpVgg Greuther Fürth,78,Bundesliga,2012,21,3,634,Attacker,,False,18,2,22,,,1,,,,,,,,,,,,,,,,,4,0,0,,,,,
90645,J. Schuster,Julian,Schuster,36,Germany,189 cm,80 kg,False,160,SC Freiburg,78,Bundesliga,2012,31,31,2688,Midfielder,,False,0,7,1,,,1,,,,,,,,,,,,,,,,,11,0,0,,,,,
90658,J. Rosenthal,Jan,Rosenthal,35,Germany,186 cm,76 kg,False,160,SC Freiburg,78,Bundesliga,2012,20,18,1477,Midfielder,,False,2,14,3,,,4,,,,,,,,,,,,,,,,,1,1,0,,,,,
100692,Beg Ferati,Beg,Ferati,31,Switzerland,187 cm,81 kg,False,160,SC Freiburg,78,Bundesliga,2012,0,0,0,Defender,,False,0,0,0,,,0,,,,,,,,,,,,,,,,,0,0,0,,,,,
105369,Marcel de Jong,Marcel,de Jong,35,Canada,188 cm,76 kg,False,170,FC Augsburg,78,Bundesliga,2012,20,14,1270,Defender,,False,6,3,19,,,1,,,,,,,,,,,,,,,,,3,0,0,,,,,
114931,P. Krmaš,Pavel,Krmaš,41,Czech Republic,193 cm,86 kg,False,160,SC Freiburg,78,Bundesliga,2012,17,16,1335,Defender,,False,1,4,9,,,2,,,,,,,,,,,,,,,,,3,0,0,,,,,
114947,H. Balitsch,Hanno,Balitsch,40,Germany,182 cm,81 kg,False,171,1. FC Nürnberg,78,Bundesliga,2012,33,31,2776,Midfielder,,False,2,9,2,,,1,,,,,,,,,,,,,,,,,8,0,0,,,,,
114992,H. Schmidtgal,Heinrich,Schmidtgal,36,Kazakhstan,174 cm,75 kg,False,178,SpVgg Greuther Fürth,78,Bundesliga,2012,18,16,1467,Defender,,False,2,2,2,,,0,,,,,,,,,,,,,,,,,5,0,0,,,,,
115004,Garra Dembélé,Garra,Dembélé,28,Mali,187 cm,79 kg,False,160,SC Freiburg,78,Bundesliga,2012,3,0,33,Attacker,,False,3,0,7,,,0,,,,,,,,,,,,,,,,,0,0,0,,,,,
115035,P. Owomoyela,Patrick,Owomoyela,42,Germany,187 cm,87 kg,False,165,Borussia Dortmund,78,Bundesliga,2012,0,0,0,Defender,,False,0,0,0,,,0,,,,,,,,,,,,,,,,,0,0,0,,,,,
115055,R. Friend,Rob,Friend,40,Canada,195 cm,94 kg,False,169,Eintracht Frankfurt,78,Bundesliga,2012,0,0,0,Attacker,,False,0,0,0,,,0,,,,,,,,,,,,,,,,,0,0,0,,,,,
24855,M. Schmiedebach,Manuel,Schmiedebach,32,Germany,171 cm,70 kg,False,166,Hannover 96,78,Bundesliga,2012,21,14,1407,Midfielder,,False,7,7,17,,,0,,,,,,,,,,,,,,,,,5,0,0,,,,,
25027,Christopher Nöthe,Christopher,Nöthe,31,Germany,184 cm,81 kg,False,178,SpVgg Greuther Fürth,78,Bundesliga,2012,13,5,504,Attacker,,False,8,3,13,,,0,,,,,,,,,,,,,,,,,1,0,0,,,,,
25050,Christoph Moritz,Christoph,Moritz,32,Germany,186 cm,80 kg,False,174,FC Schalke 04,78,Bundesliga,2012,6,2,154,Midfielder,,False,4,2,11,,,0,,,,,,,,,,,,,,,,,0,0,0,,,,,
25382,N. Müller,Nicolai,Müller,35,Germany,173 cm,66 kg,False,164,FSV Mainz 05,78,Bundesliga,2012,32,26,2366,Midfielder,,False,6,11,6,,,8,,,,,,,,,,,,,,,,,7,0,0,,,,,
26295,D. Aogo,Dennis,Aogo,34,Germany,184 cm,85 kg,False,175,Hamburger SV,78,Bundesliga,2012,27,22,1957,Defender,,False,5,7,6,,,2,,,,,,,,,,,,,,,,,2,0,0,,,,,
26500,Maximilian Beister,Maximilian,Beister,32,Germany,180 cm,81 kg,False,175,Hamburger SV,78,Bundesliga,2012,23,8,932,Midfielder,,False,15,5,20,,,3,,,,,,,,,,,,,,,,,2,0,1,,,,,
48837,Adrian Nikci,Adrian,Nikci,31,Switzerland,182 cm,74 kg,False,166,Hannover 96,78,Bundesliga,2012,4,1,124,Attacker,,False,3,1,13,,,1,,,,,,,,,,,,,,,,,0,0,0,,,,,
53652,K. Rausch,Konstantin,Rausch,32,Russia,181 cm,79 kg,False,166,Hannover 96,78,Bundesliga,2012,30,25,2333,Defender,,False,5,3,7,,,3,,,,,,,,,,,,,,,,,3,0,0,,,,,
78358,Christian Schulz,Christian,Schulz,39,Germany,185 cm,80 kg,False,166,Hannover 96,78,Bundesliga,2012,19,18,1600,Defender,,False,1,1,5,,,1,,,,,,,,,,,,,,,,,5,1,0,,,,,
81745,Gojko Kačar,Gojko,Kačar,32,Serbia,185 cm,85 kg,False,175,Hamburger SV,78,Bundesliga,2012,3,0,31,Midfielder,,False,3,0,11,,,0,,,,,,,,,,,,,,,,,0,0,0,,,,,
90654,Artoms Rudņevs,Artoms,Rudņevs,29,Latvia,183 cm,81 kg,False,175,Hamburger SV,78,Bundesliga,2012,34,26,2421,Attacker,,False,8,7,8,,,12,,,,,,,,,,,,,,,,,4,0,0,,,,,
110208,Zhi Gin Andreas Lam,Zhi Gin Andreas,Lam,30,Germany,175 cm,67 kg,False,175,Hamburger SV,78,Bundesliga,2012,4,4,339,Midfielder,,False,0,3,3,,,0,,,,,,,,,,,,,,,,,1,0,0,,,,,
114925,M. Jansen,Marcell,Jansen,36,Germany,191 cm,89 kg,False,175,Hamburger SV,78,Bundesliga,2012,28,28,2488,Defender,,False,0,2,0,,,1,,,,,,,,,,,,,,,,,6,0,0,,,,,
114937,C. Pander,Christian,Pander,38,Germany,186 cm,80 kg,False,166,Hannover 96,78,Bundesliga,2012,18,11,1049,Defender,,False,7,3,15,,,0,,,,,,,,,,,,,,,,,2,0,0,,,,,
114946,Mike Hanke,Mike,Hanke,31,Germany,185 cm,85 kg,False,163,Borussia Mönchengladbach,78,Bundesliga,2012,32,13,1333,Attacker,,False,19,10,20,,,4,,,,,,,,,,,,,,,,,0,0,0,,,,,
114965,M. Miller,Markus,Miller,39,Germany,189 cm,92 kg,False,166,Hannover 96,78,Bundesliga,2012,0,0,0,Goalkeeper,,False,0,0,34,,,0,,,,,,,,,,,,,,,,,0,0,0,,,,,
114975,S. Neuhaus,Sven,Neuhaus,43,Germany,192 cm,90 kg,False,175,Hamburger SV,78,Bundesliga,2012,0,0,0,Goalkeeper,,False,0,0,4,,,0,,,,,,,,,,,,,,,,,0,0,0,,,,,
114993,M. Eggimann,Mario,Eggimann,40,Switzerland,189 cm,84 kg,False,166,Hannover 96,78,Bundesliga,2012,22,21,1803,Defender,,False,1,3,2,,,1,,,,,,,,,,,,,,,,,2,0,0,,,,,
114996,Robert Zillner,Robert,Zillner,32,Germany,183 cm,72 kg,False,178,SpVgg Greuther Fürth,78,Bundesliga,2012,6,3,250,Midfielder,,False,3,3,10,,,0,,,,,,,,,,,,,,,,,1,0,0,,,,,
115061,Deniz Aycicek,Deniz,Aycicek,25,Germany,177 cm,74 kg,False,166,Hannover 96,78,Bundesliga,2012,0,0,0,Midfielder,,False,0,0,0,,,0,,,,,,,,,,,,,,,,,0,0,0,,,,,
10,Ł. Piszczek,Łukasz,Piszczek,36,Poland,184 cm,79 kg,False,165,Borussia Dortmund,78,Bundesliga,2012,29,28,2533,Defender,,False,1,3,3,,,2,,,,,,,,,,,,,,,,,1,0,0,,,,,
24851,F. Kroos,Felix,Kroos,30,Germany,184 cm,78 kg,False,162,Werder Bremen,78,Bundesliga,2012,5,5,362,Midfielder,,False,0,5,10,,,0,,,,,,,,,,,,,,,,,3,0,0,,,,,
25205,Mërgim Mavraj,Mërgim,Mavraj,36,Albania,189 cm,84 kg,False,178,SpVgg Greuther Fürth,78,Bundesliga,2012,32,32,2809,Defender,,False,0,2,0,,,0,,,,,,,,,,,,,,,,,6,1,0,,,,,
25909,N. Bungert,Niko,Bungert,35,Germany,188 cm,75 kg,False,164,FSV Mainz 05,78,Bundesliga,2012,8,8,656,Defender,,False,0,2,4,,,0,,,,,,,,,,,,,,,,,1,0,0,,,,,
26487,S. Aigner,Stefan,Aigner,34,Germany,183 cm,73 kg,False,169,Eintracht Frankfurt,78,Bundesliga,2012,34,34,2835,Attacker,,False,0,24,0,,,9,,,,,,,,,,,,,,,,,3,0,0,,,,,
39200,O. Occéan,Olivier,Occéan,39,Canada,185 cm,86 kg,False,169,Eintracht Frankfurt,78,Bundesliga,2012,18,10,990,Attacker,,False,8,3,16,,,1,,,,,,,,,,,,,,,,,0,0,0,,,,,
88173,Roussel-Fidele Ngankam-Hontcheu,Roussel-Fidele,Ngankam-Hontcheu,29,Germany,180 cm,75 kg,False,171,1. FC Nürnberg,78,Bundesliga,2012,0,0,0,Attacker,,False,0,0,5,,,0,,,,,,,,,,,,,,,,,0,0,0,,,,,
90639,E. Polanski,Eugen,Polanski,35,Poland,183 cm,78 kg,False,167,1899 Hoffenheim,78,Bundesliga,2012,11,9,745,Midfielder,,False,2,2,2,,,0,,,,,,,,,,,,,,,,,3,0,1,,,,,
90639,E. Polanski,Eugen,Polanski,35,Poland,183 cm,78 kg,False,164,FSV Mainz 05,78,Bundesliga,2012,12,9,712,Midfielder,,False,3,5,6,,,0,,,,,,,,,,,,,,,,,2,0,0,,,,,
90644,Sejad Salihović,Sejad,Salihović,37,Bosnia and Herzegovina,182 cm,79 kg,False,167,1899 Hoffenheim,78,Bundesliga,2012,20,14,1271,Midfielder,,False,6,3,7,,,7,,,,,,,,,,,,,,,,,3,1,1,,,,,
90715,A. Madlung,Alexander,Madlung,39,Germany,194 cm,93 kg,False,161,VfL Wolfsburg,78,Bundesliga,2012,15,6,611,Defender,,False,9,0,14,,,2,,,,,,,,,,,,,,,,,1,0,1,,,,,
94155,C. Ede,Chinedu,Ede,34,Germany,178 cm,83 kg,False,164,FSV Mainz 05,78,Bundesliga,2012,9,1,189,Midfielder,,False,8,1,16,,,1,,,,,,,,,,,,,,,,,0,0,0,,,,,
104193,Cha Du-Ri,Du-Ri,Cha,41,Korea Republic,181 cm,81 kg,False,158,Fortuna Düsseldorf,78,Bundesliga,2012,10,1,287,Defender,,False,9,0,10,,,0,,,,,,,,,,,,,,,,,0,0,0,,,,,
114939,C. Wetklo,Christian,Wetklo,41,Germany,190 cm,90 kg,False,164,FSV Mainz 05,78,Bundesliga,2012,31,31,2749,Goalkeeper,,False,0,0,1,,,0,,,,,,,,,,,,,,,,,5,0,1,,,,,
114942,T. Marx,Thorben,Marx,40,Germany,184 cm,83 kg,False,163,Borussia Mönchengladbach,78,Bundesliga,2012,23,23,1998,Midfielder,,False,0,5,5,,,2,,,,,,,,,,,,,,,,,6,0,0,,,,,
114954,Heinz Müller,Heinz,Müller,36,Germany,196 cm,94 kg,False,164,FSV Mainz 05,78,Bundesliga,2012,3,3,270,Goalkeeper,,False,0,0,12,,,0,,,,,,,,,,,,,,,,,0,0,0,,,,,
114989,Boris Vukcevic,Boris,Vukcevic,24,Germany,183 cm,81 kg,False,167,1899 Hoffenheim,78,Bundesliga,2012,5,4,358,Midfielder,,False,1,2,1,,,1,,,,,,,,,,,,,,,,,0,0,0,,,,,
114990,S. Reisinger,Stefan,Reisinger,40,Germany,185 cm,82 kg,False,158,Fortuna Düsseldorf,78,Bundesliga,2012,24,15,1397,Attacker,,False,9,9,12,,,7,,,,,,,,,,,,,,,,,3,0,0,,,,,
114997,P. Jensen,Pelle,Jensen,29,Germany,193 cm,85 kg,False,167,1899 Hoffenheim,78,Bundesliga,2012,2,2,167,Defender,,False,0,1,3,,,0,,,,,,,,,,,,,,,,,1,0,0,,,,,
115011,Christian Maicon Hening,Christian,Maicon Hening,35,Brazil,185 cm,78 kg,False,167,1899 Hoffenheim,78,Bundesliga,2012,0,0,0,Defender,,False,0,0,1,,,0,,,,,,,,,,,,,,,,,0,0,0,,,,,
115058,Moritz Nebel,Moritz,Nebel,30,Germany,178 cm,65 kg,False,170,FC Augsburg,78,Bundesliga,2012,0,0,0,Midfielder,,False,0,0,0,,,0,,,,,,,,,,,,,,,,,0,0,0,,,,,
5992,J. Pinola,Javier Horacio,Pinola,40,Argentina,179 cm,77 kg,False,171,1. FC Nürnberg,78,Bundesliga,2012,28,27,2461,Defender,,False,1,1,5,,,0,,,,,,,,,,,,,,,,,10,0,0,,,,,
7553,L. Schmitz,Lukas,Schmitz,33,Germany,184 cm,80 kg,False,162,Werder Bremen,78,Bundesliga,2012,23,20,1763,Defender,,False,3,2,11,,,0,,,,,,,,,,,,,,,,,3,1,0,,,,,
13688,E. Soto,Elkin,Soto Jaramillo,39,Colombia,179 cm,76 kg,False,164,FSV Mainz 05,78,Bundesliga,2012,28,24,2034,Midfielder,,False,4,9,4,,,1,,,,,,,,,,,,,,,,,3,0,0,,,,,
25069,S. Celozzi,Stefano,Celozzi,32,Germany,171 cm,74 kg,False,169,Eintracht Frankfurt,78,Bundesliga,2012,27,6,988,Defender,,False,21,1,28,,,0,,,,,,,,,,,,,,,,,3,0,0,,,,,
25611,I. Iličević,Ivo,Iličević,35,Croatia,174 cm,63 kg,False,175,Hamburger SV,78,Bundesliga,2012,8,4,329,Midfielder,,False,4,4,13,,,1,,,,,,,,,,,,,,,,,3,0,0,,,,,
26307,Daniel Didavi,Daniel,Didavi,32,Germany,180 cm,77 kg,False,172,VfB Stuttgart,78,Bundesliga,2012,3,0,58,Midfielder,,False,3,0,3,,,0,,,,,,,,,,,,,,,,,0,0,0,,,,,
26309,C. Gentner,Christian,Gentner,38,Germany,189 cm,81 kg,False,172,VfB Stuttgart,78,Bundesliga,2012,34,34,3033,Midfielder,,False,0,2,0,,,5,,,,,,,,,,,,,,,,,5,0,0,,,,,
26567,M. Vitzthum,Michael,Vitzthum,29,Germany,185 cm,75 kg,False,172,VfB Stuttgart,78,Bundesliga,2012,0,0,0,Defender,,False,0,0,1,,,0,,,,,,,,,,,,,,,,,0,0,0,,,,,
33071,Atsuto Uchida,Atsuto,Uchida,32,Japan,176 cm,67 kg,False,174,FC Schalke 04,78,Bundesliga,2012,24,24,2035,Defender,,False,0,3,4,,,1,,,,,,,,,,,,,,,,,1,0,0,,,,,
66307,Petr Jiráček,Petr,Jiráček,36,Czech Republic,180 cm,77 kg,False,175,Hamburger SV,78,Bundesliga,2012,13,10,841,Midfielder,,False,3,5,9,,,1,,,,,,,,,,,,,,,,,0,0,1,,,,,
66307,Petr Jiráček,Petr,Jiráček,36,Czech Republic,180 cm,77 kg,False,161,VfL Wolfsburg,78,Bundesliga,2012,0,0,0,Midfielder,,False,0,0,0,,,0,,,,,,,,,,,,,,,,,0,0,0,,,,,
66607,J. Polák,Jan,Polák,40,Czech Republic,181 cm,80 kg,False,161,VfL Wolfsburg,78,Bundesliga,2012,27,26,2212,Midfielder,,False,1,7,1,,,1,,,,,,,,,,,,,,,,,4,0,0,,,,,
79124,Timo Hildebrand,Timo,Hildebrand,36,Germany,186 cm,80 kg,False,174,FC Schalke 04,78,Bundesliga,2012,21,21,1890,Goalkeeper,,False,0,0,7,,,0,,,,,,,,,,,,,,,,,0,0,0,,,,,
90713,Tohouri Zahoui Constant Djakpa,Tohouri Zahoui Constant,Djakpa,37,Côte d'Ivoire,177 cm,74 kg,False,169,Eintracht Frankfurt,78,Bundesliga,2012,5,1,178,Defender,,False,4,0,11,,,0,,,,,,,,,,,,,,,,,0,0,0,,,,,
99991,Mohammed Abdellaoue,Mohammed,Abdellaoue,33,Norway,182 cm,80 kg,False,166,Hannover 96,78,Bundesliga,2012,26,12,1034,Attacker,,False,14,11,17,,,8,,,,,,,,,,,,,,,,,1,0,0,,,,,
111423,J. Audel,Johan,Audel,38,Martinique,180 cm,73 kg,False,172,VfB Stuttgart,78,Bundesliga,2012,0,0,0,Midfielder,,False,0,0,0,,,0,,,,,,,,,,,,,,,,,0,0,0,,,,,
114922,M. Lanig,Martin,Lanig,37,Germany,190 cm,79 kg,False,169,Eintracht Frankfurt,78,Bundesliga,2012,19,4,352,Midfielder,,False,15,4,28,,,3,,,,,,,,,,,,,,,,,1,0,0,,,,,
114934,Didier Ya Konan,Didier,Ya Konan,33,Côte d'Ivoire,174 cm,68 kg,False,166,Hannover 96,78,Bundesliga,2012,28,21,1974,Attacker,,False,7,10,8,,,7,,,,,,,,,,,,,,,,,4,0,0,,,,,
114972,A. Stephan,Alexander,Stephan,35,Germany,189 cm,84 kg,False,171,1. FC Nürnberg,78,Bundesliga,2012,0,0,0,Goalkeeper,,False,0,0,3,,,0,,,,,,,,,,,,,,,,,0,0,0,,,,,
114991,M. Delpierre,Matthieu,Delpierre,40,France,193 cm,86 kg,False,167,1899 Hoffenheim,78,Bundesliga,2012,23,22,1924,Defender,,False,1,2,3,,,1,,,,,,,,,,,,,,,,,3,0,0,,,,,
114994,Gerald Asamoah,Gerald,Asamoah,37,Germany,180 cm,88 kg,False,178,SpVgg Greuther Fürth,78,Bundesliga,2012,17,12,1007,Attacker,,False,5,9,10,,,0,,,,,,,,,,,,,,,,,2,0,0,,,,,
90,D. Benaglio,Diego Orlando,Benaglio,38,Switzerland,194 cm,89 kg,False,161,VfL Wolfsburg,78,Bundesliga,2012,34,34,3060,Goalkeeper,,False,0,0,0,,,0,,,,,,,,,,,,,,,,,1,0,0,,,,,
230,D. Schwaab,Daniel,Schwaab,33,Germany,186 cm,76 kg,False,168,Bayer Leverkusen,78,Bundesliga,2012,16,8,795,Defender,,False,8,1,17,,,0,,,,,,,,,,,,,,,,,3,0,0,,,,,
24877,A. Hunt,Aaron,Hunt,35,Germany,183 cm,73 kg,False,162,Werder Bremen,78,Bundesliga,2012,28,26,2345,Midfielder,,False,2,6,2,,,11,,,,,,,,,,,,,,,,,3,0,0,,,,,
25222,Christian Träsch,Christian,Träsch,33,Germany,180 cm,75 kg,False,161,VfL Wolfsburg,78,Bundesliga,2012,17,11,956,Midfielder,,False,6,7,16,,,0,,,,,,,,,,,,,,,,,3,0,0,,,,,
25281,F. Giefer,Fabian,Giefer,31,Germany,196 cm,93 kg,False,158,Fortuna Düsseldorf,78,Bundesliga,2012,34,34,3050,Goalkeeper,,False,0,1,0,,,0,,,,,,,,,,,,,,,,,3,0,0,,,,,
25296,D. Baier,Daniel,Baier,37,Germany,176 cm,77 kg,False,170,FC Augsburg,78,Bundesliga,2012,33,33,2949,Midfielder,,False,0,1,0,,,2,,,,,,,,,,,,,,,,,8,0,0,,,,,
25316,S. Langkamp,Sebastian,Langkamp,33,Germany,191 cm,85 kg,False,170,FC Augsburg,78,Bundesliga,2012,11,11,990,Defender,,False,0,0,3,,,0,,,,,,,,,,,,,,,,,2,0,0,,,,,
25327,M. Harnik,Martin,Harnik,34,Austria,185 cm,75 kg,False,172,VfB Stuttgart,78,Bundesliga,2012,30,29,2508,Attacker,,False,1,10,1,,,5,,,,,,,,,,,,,,,,,7,2,0,,,,,
25386,P. Schwegler,Pirmin,Schwegler,34,Switzerland,178 cm,74 kg,False,169,Eintracht Frankfurt,78,Bundesliga,2012,27,25,2210,Midfielder,,False,2,4,3,,,2,,,,,,,,,,,,,,,,,7,0,0,,,,,
25902,R. Adler,René,Adler,36,Germany,191 cm,85 kg,False,175,Hamburger SV,78,Bundesliga,2012,32,32,2880,Goalkeeper,,False,0,0,0,,,0,,,,,,,,,,,,,,,,,5,0,0,,,,,
26306,Gonzalo Castro Randon,Gonzalo,Castro Randon,35,Germany,172 cm,72 kg,False,168,Bayer Leverkusen,78,Bundesliga,2012,31,29,2521,Midfielder,,False,2,14,3,,,6,,,,,,,,,,,,,,,,,4,0,0,,,,,
48486,T. Barnetta,Tranquillo,Barnetta,36,Switzerland,178 cm,74 kg,False,174,FC Schalke 04,78,Bundesliga,2012,21,2,437,Midfielder,,False,19,1,30,,,0,,,,,,,,,,,,,,,,,1,0,0,,,,,
90672,C. Fritz,Clemens,Fritz,41,Germany,183 cm,81 kg,False,162,Werder Bremen,78,Bundesliga,2012,22,18,1589,Midfielder,,False,4,4,4,,,0,,,,,,,,,,,,,,,,,4,1,0,,,,,
90726,S. Boenisch,Sebastian,Boenisch,34,Poland,191 cm,85 kg,False,168,Bayer Leverkusen,78,Bundesliga,2012,15,12,1134,Defender,,False,3,0,11,,,1,,,,,,,,,,,,,,,,,5,0,0,,,,,
102802,M. Schäfer,Marcel,Schäfer,37,Germany,184 cm,75 kg,False,161,VfL Wolfsburg,78,Bundesliga,2012,31,22,1992,Midfielder,,False,9,4,12,,,0,,,,,,,,,,,,,,,,,0,0,0,,,,,
114907,Stefan Reinartz,Stefan,Reinartz,27,Germany,189 cm,83 kg,False,168,Bayer Leverkusen,78,Bundesliga,2012,29,29,2446,Midfielder,,False,0,8,0,,,3,,,,,,,,,,,,,,,,,11,0,0,,,,,
114923,S. Rolfes,Simon,Rolfes,39,Germany,191 cm,83 kg,False,168,Bayer Leverkusen,78,Bundesliga,2012,30,26,2312,Midfielder,,False,4,5,7,,,3,,,,,,,,,,,,,,,,,3,0,1,,,,,
114963,Claudemir Jerônimo Barretto,Claudemir Jerônimo,Barretto,35,Germany,179 cm,74 kg,False,172,VfB Stuttgart,78,Bundesliga,2012,5,3,329,Attacker,,False,2,0,4,,,1,,,,,,,,,,,,,,,,,1,0,0,,,,,
115005,S. Jentzsch,Simon,Jentzsch,45,Germany,196 cm,96 kg,False,170,FC Augsburg,78,Bundesliga,2012,5,5,450,Goalkeeper,,False,0,0,4,,,0,,,,,,,,,,,,,,,,,0,0,0,,,,,
115017,C. Vander,Christian,Vander,41,Germany,195 cm,88 kg,False,162,Werder Bremen,78,Bundesliga,2012,0,0,0,Goalkeeper,,False,0,0,2,,,0,,,,,,,,,,,,,,,,,0,0,0,,,,,
977,L. Bender,Lars,Bender,32,Germany,185 cm,81 kg,False,168,Bayer Leverkusen,78,Bundesliga,2012,33,32,2790,Defender,,False,1,7,1,,,3,,,,,,,,,,,,,,,,,1,0,0,,,,,
1497,B. Dost,Bas Leon,Dost,35,Netherlands,196 cm,83 kg,False,161,VfL Wolfsburg,78,Bundesliga,2012,28,20,1989,Attacker,,False,8,7,14,,,8,,,,,,,,,,,,,,,,,1,0,0,,,,,
1819,M. Hasebe,Makoto,Hasebe,40,Japan,180 cm,72 kg,False,161,VfL Wolfsburg,78,Bundesliga,2012,23,20,1734,Defender,,False,3,5,5,,,2,,,,,,,,,,,,,,,,,2,0,1,,,,,
1822,S. Rode,Sebastian,Rode,34,Germany,180 cm,71 kg,False,169,Eintracht Frankfurt,78,Bundesliga,2012,33,33,2915,Midfielder,,False,0,7,0,,,0,,,,,,,,,,,,,,,,,8,0,0,,,,,
2863,M. Berg,Bengt Erik Markus,Berg,38,Sweden,184 cm,75 kg,False,175,Hamburger SV,78,Bundesliga,2012,11,2,271,Attacker,,False,9,0,20,,,0,,,,,,,,,,,,,,,,,0,0,0,,,,,
25039,I. Höhn,Immanuel,Höhn,33,Germany,183 cm,72 kg,False,160,SC Freiburg,78,Bundesliga,2012,8,5,558,Defender,,False,3,0,11,,,0,,,,,,,,,,,,,,,,,1,0,0,,,,,
25056,J. Wurtz,Johannes,Wurtz,32,Germany,182 cm,70 kg,False,162,Werder Bremen,78,Bundesliga,2012,2,0,26,Midfielder,,False,2,0,6,,,0,,,,,,,,,,,,,,,,,0,0,0,,,,,
25193,Karim Guédé,Karim,Guédé,34,Slovakia,183 cm,89 kg,False,160,SC Freiburg,78,Bundesliga,2012,21,12,973,Attacker,,False,9,10,19,,,1,,,,,,,,,,,,,,,,,4,0,1,,,,,
25630,T. Jantschke,Tony,Jantschke,34,Germany,177 cm,76 kg,False,163,Borussia Mönchengladbach,78,Bundesliga,2012,31,31,2733,Defender,,False,0,2,1,,,1,,,,,,,,,,,,,,,,,6,0,0,,,,,
25639,L. Stindl,Lars Edi,Stindl,36,Germany,181 cm,80 kg,False,166,Hannover 96,78,Bundesliga,2012,18,17,1512,Midfielder,,False,1,2,1,,,2,,,,,,,,,,,,,,,,,6,0,0,,,,,
25644,P. Herrmann,Patrick,Herrmann,33,Germany,179 cm,71 kg,False,163,Borussia Mönchengladbach,78,Bundesliga,2012,32,30,2501,Attacker,,False,2,22,2,,,6,,,,,,,,,,,,,,,,,6,0,0,,,,,
25657,M. Strohmaier,Matthias,Strohmaier,30,Germany,188 cm,84 kg,False,170,FC Augsburg,78,Bundesliga,2012,0,0,0,Defender,,False,0,0,1,,,0,,,,,,,,,,,,,,,,,0,0,0,,,,,
25808,K. Kraus,Kevin,Kraus,32,Germany,190 cm,91 kg,False,178,SpVgg Greuther Fürth,78,Bundesliga,2012,0,0,0,Defender,,False,0,0,0,,,0,,,,,,,,,,,,,,,,,0,0,0,,,,,
26877,E. Jendrišek,Erik,Jendrišek,38,Slovakia,172 cm,63 kg,False,160,SC Freiburg,78,Bundesliga,2012,9,4,304,Attacker,,False,5,4,16,,,0,,,,,,,,,,,,,,,,,1,0,0,,,,,
33028,Y. Ōtsu,Yūki,Ōtsu,34,Japan,180 cm,73 kg,False,163,Borussia Mönchengladbach,78,Bundesliga,2012,0,0,0,Attacker,,False,0,0,0,,,0,,,,,,,,,,,,,,,,,0,0,0,,,,,
55456,Timo Furuholm,Timo,Furuholm,35,Finland,185 cm,79 kg,False,158,Fortuna Düsseldorf,78,Bundesliga,2012,0,0,0,Attacker,,False,0,0,0,,,0,,,,,,,,,,,,,,,,,0,0,0,,,,,
59921,Juanan,Juan Antonio,González Fernández,36,Spain,192 cm,88 kg,False,158,Fortuna Düsseldorf,78,Bundesliga,2012,15,13,1180,Defender,,False,2,0,11,,,0,,,,,,,,,,,,,,,,,0,0,0,,,,,
105202,K. Haggui,Karim,Haggui,37,Tunisia,190 cm,86 kg,False,166,Hannover 96,78,Bundesliga,2012,22,16,1593,Defender,,False,6,0,17,,,1,,,,,,,,,,,,,,,,,6,0,0,,,,,
105235,Arthur Boka,Arthur Etienne,Boka,34,Côte d'Ivoire,166 cm,67 kg,False,172,VfB Stuttgart,78,Bundesliga,2012,25,23,2014,Defender,,False,2,7,7,,,1,,,,,,,,,,,,,,,,,4,0,0,,,,,
111263,N. Rukavytsya,Nikita,Rukavytsya,37,Australia,185 cm,75 kg,False,164,FSV Mainz 05,78,Bundesliga,2012,8,6,439,Attacker,,False,2,5,7,,,0,,,,,,,,,,,,,,,,,0,0,0,,,,,
752,T. Kroos,Toni,Kroos,34,Germany,183 cm,76 kg,False,157,Bayern München,78,Bundesliga,2012,24,23,1924,Midfielder,,False,1,11,3,,,6,,,,,,,,,,,,,,,,,2,0,0,,,,,
7716,K. Pusch,Kolja,Pusch,31,Germany,181 cm,78 kg,False,168,Bayer Leverkusen,78,Bundesliga,2012,0,0,0,Midfielder,,False,0,0,0,,,0,,,,,,,,,,,,,,,,,0,0,0,,,,,
15362,K. Onuegbu,Kingsley,Onuegbu,38,Nigeria,191 cm,94 kg,False,178,SpVgg Greuther Fürth,78,Bundesliga,2012,0,0,0,Attacker,,False,0,0,0,,,0,,,,,,,,,,,,,,,,,0,0,0,,,,,
21202,M. Bah,Mamadou Diouldé,Bah,36,Guinea,181 cm,75 kg,False,172,VfB Stuttgart,78,Bundesliga,2012,1,0,21,Midfielder,,False,1,0,3,,,0,,,,,,,,,,,,,,,,,0,0,0,,,,,
24977,A. Weis,André,Weis,35,Germany,189 cm,84 kg,False,172,VfB Stuttgart,78,Bundesliga,2012,0,0,0,Goalkeeper,,False,0,0,6,,,0,,,,,,,,,,,,,,,,,0,0,0,,,,,
25172,D. Diekmeier,Dennis,Diekmeier,35,Germany,188 cm,79 kg,False,175,Hamburger SV,78,Bundesliga,2012,32,31,2841,Defender,,False,1,1,2,,,0,,,,,,,,,,,,,,,,,7,0,0,,,,,
25182,N. Daghfous,Nejmeddin,Daghfous,38,Tunisia,178 cm,77 kg,False,164,FSV Mainz 05,78,Bundesliga,2012,1,0,12,Midfielder,,False,1,0,1,,,0,,,,,,,,,,,,,,,,,0,0,0,,,,,
25216,T. Pledl,Thomas,Pledl,30,Germany,173 cm,72 kg,False,178,SpVgg Greuther Fürth,78,Bundesliga,2012,7,3,300,Midfielder,,False,4,2,13,,,0,,,,,,,,,,,,,,,,,1,0,0,,,,,
25318,P. Bargfrede,Philipp,Bargfrede,35,Germany,174 cm,71 kg,False,162,Werder Bremen,78,Bundesliga,2012,13,7,615,Midfielder,,False,6,3,9,,,0,,,,,,,,,,,,,,,,,5,0,0,,,,,
25449,A. Bodzek,Adam,Bodzek,39,Germany,184 cm,80 kg,False,158,Fortuna Düsseldorf,78,Bundesliga,2012,29,29,2486,Midfielder,,False,0,6,0,,,2,,,,,,,,,,,,,,,,,9,0,0,,,,,
25882,J. Löhden,Jannik,Löhden,35,Germany,201 cm,97 kg,False,166,Hannover 96,78,Bundesliga,2012,0,0,0,Defender,,False,0,0,2,,,0,,,,,,,,,,,,,,,,,0,0,0,,,,,
26138,S. Mölders,Sascha,Mölders,40,Germany,185 cm,88 kg,False,170,FC Augsburg,78,Bundesliga,2012,24,23,1881,Attacker,,False,1,14,1,,,10,,,,,,,,,,,,,,,,,2,0,0,,,,,
26308,A. Esswein,Alexander,Esswein,34,Germany,182 cm,85 kg,False,171,1. FC Nürnberg,78,Bundesliga,2012,27,19,1678,Midfielder,,False,8,13,13,,,2,,,,,,,,,,,,,,,,,1,0,0,,,,,
26643,P. Slišković,Petar,Slišković,33,Croatia,193 cm,90 kg,False,164,FSV Mainz 05,78,Bundesliga,2012,1,0,24,Attacker,,False,1,0,2,,,0,,,,,,,,,,,,,,,,,0,0,0,,,,,
26709,V. Pliatsikas,Vasilios,Pliatsikas,36,Greece,174 cm,73 kg,False,174,FC Schalke 04,78,Bundesliga,2012,0,0,0,Defender,,False,0,0,3,,,0,,,,,,,,,,,,,,,,,0,0,0,,,,,
89027,Ezequiel Calvente,Ezequiel,Calvente Criado,33,Spain,169 cm,60 kg,False,160,SC Freiburg,78,Bundesliga,2012,2,0,25,Attacker,,False,2,0,2,,,0,,,,,,,,,,,,,,,,,0,0,0,,,,,
100010,Bruno Soares,Bruno Gabriel,Soares,36,Brazil,194 cm,85 kg,False,158,Fortuna Düsseldorf,78,Bundesliga,2012,0,0,0,Defender,,False,0,0,2,,,0,,,,,,,,,,,,,,,,,0,0,0,,,,,
114962,T. Weis,Tobias,Weis,39,Germany,170 cm,67 kg,False,167,1899 Hoffenheim,78,Bundesliga,2012,18,17,1381,Midfielder,,False,1,10,2,,,2,,,,,,,,,,,,,,,,,4,0,0,,,,,
115000,R. Zabavník,Radoslav,Zabavník,44,Slovakia,180 cm,78 kg,False,164,FSV Mainz 05,78,Bundesliga,2012,17,13,1141,Defender,,False,4,4,13,,,0,,,,,,,,,,,,,,,,,5,0,0,,,,,
115009,B. Müller,Bastian,Müller,33,Germany,185 cm,74 kg,False,158,Fortuna Düsseldorf,78,Bundesliga,2012,0,0,0,Midfielder,,False,0,0,2,,,0,,,,,,,,,,,,,,,,,0,0,0,,,,,
514,Javi Martínez,Javier,Martínez Aginaga,37,Spain,192 cm,86 kg,False,157,Bayern München,78,Bundesliga,2012,27,19,1758,Midfielder,,False,8,4,12,,,3,,,,,,,,,,,,,,,,,3,0,0,,,,,
13936,Júnior Enrique Díaz Campbell,Júnior Enrique,Díaz Campbell,38,Costa Rica,185 cm,76 kg,False,164,FSV Mainz 05,78,Bundesliga,2012,18,15,1309,Defender,,False,3,3,11,,,1,,,,,,,,,,,,,,,,,3,0,0,,,,,
15329,Manuel Torres Jimenez,Manuel,Torres Jimenez,34,Spain,175 cm,67 kg,False,174,FC Schalke 04,78,Bundesliga,2012,0,0,0,Midfielder,,False,0,0,1,,,0,,,,,,,,,,,,,,,,,0,0,0,,,,,
25009,F. Hartherz,Florian,Hartherz,32,Germany,187 cm,83 kg,False,162,Werder Bremen,78,Bundesliga,2012,0,0,0,Defender,,False,0,0,7,,,0,,,,,,,,,,,,,,,,,0,0,0,,,,,
25046,Wilson Kamavuaka,Wilson,Kamavuaka,35,Congo DR,189 cm,81 kg,False,171,1. FC Nürnberg,78,Bundesliga,2012,0,0,0,Midfielder,,False,0,0,0,,,0,,,,,,,,,,,,,,,,,0,0,0,,,,,
25048,S. Medojević,Slobodan,Medojević,35,Serbia,182 cm,77 kg,False,161,VfL Wolfsburg,78,Bundesliga,2012,8,6,555,Midfielder,,False,2,1,6,,,0,,,,,,,,,,,,,,,,,1,0,0,,,,,
25233,D. Erdmann,Dennis,Erdmann,35,Germany,188 cm,86 kg,False,174,FC Schalke 04,78,Bundesliga,2012,0,0,0,Defender,,False,0,0,1,,,0,,,,,,,,,,,,,,,,,0,0,0,,,,,
25266,J. Gyau,Joseph-Claude,Agyeman Gyau,33,USA,175 cm,77 kg,False,167,1899 Hoffenheim,78,Bundesliga,2012,0,0,0,Midfielder,,False,0,0,0,,,0,,,,,,,,,,,,,,,,,0,0,0,,,,,
25301,Koo Ja-Cheol,Ja-Cheol,Koo,36,Korea Republic,183 cm,74 kg,False,170,FC Augsburg,78,Bundesliga,2012,21,18,1597,Midfielder,,False,3,5,3,,,3,,,,,,,,,,,,,,,,,3,0,0,,,,,
25303,J. Schmid,Jonathan,Schmid,35,France,179 cm,79 kg,False,160,SC Freiburg,78,Bundesliga,2012,33,33,2900,Midfielder,,False,0,6,0,,,11,,,,,,,,,,,,,,,,,0,0,0,,,,,
25356,P. Skjelbred,Per Ciljan,Skjelbred,38,Norway,178 cm,73 kg,False,175,Hamburger SV,78,Bundesliga,2012,18,15,1177,Midfielder,,False,3,13,16,,,0,,,,,,,,,,,,,,,,,0,0,0,,,,,
26528,S. Hain,Stephan,Hain,37,Germany,178 cm,75 kg,False,170,FC Augsburg,78,Bundesliga,2012,12,3,291,Attacker,,False,9,3,22,,,1,,,,,,,,,,,,,,,,,2,0,0,,,,,
33173,H. Kiyotake,Hiroshi,Kiyotake,36,Japan,172 cm,66 kg,False,171,1. FC Nürnberg,78,Bundesliga,2012,31,30,2562,Midfielder,,False,1,9,1,,,4,,,,,,,,,,,,,,,,,2,0,0,,,,,
39051,M. Bolly,Mathis,Gazoa Kippersund Bolly,35,Côte d'Ivoire,185 cm,77 kg,False,158,Fortuna Düsseldorf,78,Bundesliga,2012,7,5,380,Attacker,,False,2,4,2,,,2,,,,,,,,,,,,,,,,,0,0,0,,,,,
50770,Z. Stieber,Zoltán,Stieber,37,Hungary,175 cm,67 kg,False,178,SpVgg Greuther Fürth,78,Bundesliga,2012,16,14,1181,Attacker,,False,2,5,4,,,3,,,,,,,,,,,,,,,,,1,0,0,,,,,
55488,P. Rakovsky,Patrick,Rakovsky,32,Germany,185 cm,86 kg,False,171,1. FC Nürnberg,78,Bundesliga,2012,4,3,314,Goalkeeper,,False,1,0,28,,,0,,,,,,,,,,,,,,,,,0,0,0,,,,,
61996,L. Ayçiçek,Levent,Ayçiçek,31,Germany,169 cm,67 kg,False,162,Werder Bremen,78,Bundesliga,2012,0,0,0,Midfielder,,False,0,0,0,,,0,,,,,,,,,,,,,,,,,0,0,0,,,,,
90684,Özkan Yıldırım,Özkan,Yıldırım,32,Germany,173 cm,76 kg,False,162,Werder Bremen,78,Bundesliga,2012,8,3,364,Midfielder,,False,5,2,12,,,0,,,,,,,,,,,,,,,,,0,0,0,,,,,
115066,M. Riedmüller,Maximilian,Riedmüller,37,Germany,189 cm,82 kg,False,157,Bayern München,78,Bundesliga,2012,0,0,0,Goalkeeper,,False,0,0,0,,,0,,,,,,,,,,,,,,,,,0,0,0,,,,,
259484,S. Schünemann,Sascha,Schünemann,33,Germany,179 cm,72 kg,False,166,Hannover 96,78,Bundesliga,2012,0,0,0,Midfielder,,False,0,0,0,,,0,,,,,,,,,,,,,,,,,0,0,0,,,,,
989,K. Volland,Kevin,Volland,33,Germany,174 cm,85 kg,False,167,1899 Hoffenheim,78,Bundesliga,2012,34,31,2692,Attacker,,False,3,9,3,,,6,,,,,,,,,,,,,,,,,4,0,0,,,,,
1143,M. Halstenberg,Marcel,Halstenberg,34,Germany,188 cm,87 kg,False,165,Borussia Dortmund,78,Bundesliga,2012,0,0,0,Defender,,False,0,0,2,,,0,,,,,,,,,,,,,,,,,0,0,0,,,,,
1435,I. Santini,Ivan,Santini,36,Croatia,190 cm,91 kg,False,160,SC Freiburg,78,Bundesliga,2012,14,1,308,Attacker,,False,13,1,19,,,1,,,,,,,,,,,,,,,,,1,0,0,,,,,
6889,K. Ilsø,Ken,Ilsø Larsen,33,Denmark,183 cm,79 kg,False,158,Fortuna Düsseldorf,78,Bundesliga,2012,27,14,1160,Attacker,,False,13,12,18,,,2,,,,,,,,,,,,,,,,,4,0,0,,,,,
7019,T. Mikkelsen,Tobias,Pilegaard Mikkelsen,35,Denmark,178 cm,73 kg,False,178,SpVgg Greuther Fürth,78,Bundesliga,2012,6,0,92,Midfielder,,False,6,0,9,,,0,,,,,,,,,,,,,,,,,0,0,0,,,,,
15877,B. Röcker,Benedikt,Röcker,32,Germany,197 cm,92 kg,False,172,VfB Stuttgart,78,Bundesliga,2012,2,0,17,Defender,,False,2,0,9,,,0,,,,,,,,,,,,,,,,,0,0,0,,,,,
24825,P. Klement,Phillipp,Klement,33,Germany,175 cm,72 kg,False,171,1. FC Nürnberg,78,Bundesliga,2012,0,0,0,Midfielder,,False,0,0,1,,,0,,,,,,,,,,,,,,,,,0,0,0,,,,,
24863,T. Mickel,Tom,Mickel,36,Germany,185 cm,84 kg,False,178,SpVgg Greuther Fürth,78,Bundesliga,2012,0,0,0,Goalkeeper,,False,0,0,2,,,0,,,,,,,,,,,,,,,,,0,0,0,,,,,
24863,T. Mickel,Tom,Mickel,36,Germany,185 cm,84 kg,False,175,Hamburger SV,78,Bundesliga,2012,0,0,0,Goalkeeper,,False,0,0,1,,,0,,,,,,,,,,,,,,,,,0,0,0,,,,,
25452,N. Gießelmann,Niko,Gießelmann,34,Germany,182 cm,75 kg,False,166,Hannover 96,78,Bundesliga,2012,0,0,0,Defender,,False,0,0,1,,,0,,,,,,,,,,,,,,,,,0,0,0,,,,,
25822,H. Zuck,Hendrick,Zuck,35,Germany,176 cm,69 kg,False,160,SC Freiburg,78,Bundesliga,2012,0,0,0,Midfielder,,False,0,0,1,,,0,,,,,,,,,,,,,,,,,0,0,0,,,,,
25929,A. Ujah,Anthony,Ujah,35,Nigeria,179 cm,84 kg,False,164,FSV Mainz 05,78,Bundesliga,2012,0,0,0,Attacker,,False,0,0,1,,,0,,,,,,,,,,,,,,,,,0,0,0,,,,,
37789,P. Mlapa,Peniel Kokou,Mlapa,34,Togo,193 cm,93 kg,False,163,Borussia Mönchengladbach,78,Bundesliga,2012,20,3,478,Attacker,,False,17,4,24,,,2,,,,,,,,,,,,,,,,,0,0,0,,,,,
39334,H. Hauger,Henning,Hauger,40,Norway,179 cm,71 kg,False,166,Hannover 96,78,Bundesliga,2012,0,0,0,Midfielder,,False,0,0,0,,,0,,,,,,,,,,,,,,,,,0,0,0,,,,,
50877,M. Parkhurst,Michael,Parkhurst,36,USA,180 cm,72 kg,False,170,FC Augsburg,78,Bundesliga,2012,2,1,137,Defender,,False,1,1,6,,,0,,,,,,,,,,,,,,,,,1,0,0,,,,,
74611,V. Nafiu,Valjmir,Nafiu,31,North Macedonia,175 cm,71 kg,False,175,Hamburger SV,78,Bundesliga,2012,0,0,0,Attacker,,False,0,0,1,,,0,,,,,,,,,,,,,,,,,0,0,0,,,,,
113810,T. Kahlenberg,Thomas,Kahlenberg,38,Denmark,183 cm,77 kg,False,161,VfL Wolfsburg,78,Bundesliga,2012,13,6,527,Midfielder,,False,7,4,21,,,0,,,,,,,,,,,,,,,,,2,0,0,,,,,
114951,Per Nilsson,Per,Nilsson,34,Sweden,190 cm,87 kg,False,171,1. FC Nürnberg,78,Bundesliga,2012,29,29,2564,Defender,,False,0,2,1,,,6,,,,,,,,,,,,,,,,,6,0,0,,,,,
114956,Zdeněk Pospěch,Zdeněk,Pospěch,43,Czech Republic,174 cm,72 kg,False,164,FSV Mainz 05,78,Bundesliga,2012,33,32,2828,Defender,,False,1,1,2,,,1,,,,,,,,,,,,,,,,,2,0,0,,,,,
114957,S. Schröck,Stephan Markus,Cabizares Schröck,39,Philippines,170 cm,68 kg,False,167,1899 Hoffenheim,78,Bundesliga,2012,10,6,486,Midfielder,,False,4,4,18,,,0,,,,,,,,,,,,,,,,,4,1,0,,,,,
114984,Nando Rafael,Nando,Rafael,37,Angola,180 cm,83 kg,False,158,Fortuna Düsseldorf,78,Bundesliga,2012,11,4,418,Attacker,,False,7,3,13,,,2,,,,,,,,,,,,,,,,,2,0,0,,,,,
267,J. Draxler,Julian,Draxler,32,Germany,185,79,False,174,FC Schalke 04,78,Bundesliga,2012,30,24,2141,Attacker,,False,6,14,7,,,10,,,,,,,,,,,,,,,,,5,0,0,,,,,
716,L. Bittencourt,Leonardo Jesus,Loureiro Bittencourt,32,Germany,171,63,False,165,Borussia Dortmund,78,Bundesliga,2012,5,2,213,Midfielder,,False,3,2,12,,,1,,,,,,,,,,,,,,,,,0,0,0,,,,,
814,M. Petržela,Milan,Petržela,42,Czechia,172,64,False,170,FC Augsburg,78,Bundesliga,2012,12,5,419,Midfielder,,False,7,4,12,,,0,,,,,,,,,,,,,,,,,0,0,0,,,,,
2040,Sergio Escudero,Sergio,Escudero Palomo,36,Spain,176 cm,65 kg,False,174,FC Schalke 04,78,Bundesliga,2012,0,0,0,Defender,,False,0,0,3,,,0,,,,,,,,,,,,,,,,,0,0,0,,,,,
2916,N. Stark,Niklas,Stark,30,Germany,190,88,False,171,1. FC Nürnberg,78,Bundesliga,2012,3,2,209,Defender,,False,1,2,1,,,0,,,,,,,,,,,,,,,,,0,0,0,,,,,
15975,Park Jung-Bin,Jung-Bin,Park,30,Korea Republic,177 cm,70 kg,False,178,SpVgg Greuther Fürth,78,Bundesliga,2012,9,4,344,Attacker,,False,5,3,8,,,0,,,,,,,,,,,,,,,,,2,0,0,,,,,
24799,J. Geis,Johannes,Geis,32,Germany,181,81,False,178,SpVgg Greuther Fürth,78,Bundesliga,2012,8,7,521,Midfielder,,False,1,4,4,,,1,,,,,,,,,,,,,,,,,2,0,0,,,,,
25297,M. Gregoritsch,Michael,Gregoritsch,31,Austria,193,91,False,167,1899 Hoffenheim,78,Bundesliga,2012,0,0,0,Attacker,,False,0,0,0,,,0,,,,,,,,,,,,,,,,,0,0,0,,,,,
25403,R. Knoche,Robin,Knoche,33,Germany,190,77,False,161,VfL Wolfsburg,78,Bundesliga,2012,11,8,792,Defender,,False,3,2,6,,,0,,,,,,,,,,,,,,,,,1,1,0,,,,,
25453,A. Hoffmann,André,Hoffmann,32,Germany,190,84,False,166,Hannover 96,78,Bundesliga,2012,16,14,1218,Defender,,False,2,2,2,,,2,,,,,,,,,,,,,,,,,5,0,0,,,,,
25599,C. Mathenia,Christian,Mathenia,33,Germany,190,89,False,164,FSV Mainz 05,78,Bundesliga,2012,0,0,0,Goalkeeper,,False,0,0,1,,,0,,,,,,,,,,,,,,,,,0,0,0,,,,,
25633,O. Wendt,Oscar Joakim,Wendt,40,Sweden,181 cm,82 kg,False,163,Borussia Mönchengladbach,78,Bundesliga,2012,21,21,1873,Defender,,False,0,1,13,,,1,,,,,,,,,,,,,,,,,1,0,0,,,,,
35757,Y. Orozco,Yohandry José,Orozco Cujía,34,Venezuela,166,62,False,161,VfL Wolfsburg,78,Bundesliga,2012,2,1,125,Midfielder,,False,1,0,7,,,0,,,,,,,,,,,,,,,,,1,0,0,,,,,
40435,Z. Alomerović,Zlatan,Alomerović,34,Germany,187,85,False,165,Borussia Dortmund,78,Bundesliga,2012,0,0,0,Goalkeeper,,False,0,0,2,,,0,,,,,,,,,,,,,,,,,0,0,0,,,,,
48133,N. Đurđić,Nikola,Đurđić,38,Serbia,183 cm,77 kg,False,178,SpVgg Greuther Fürth,78,Bundesliga,2012,15,14,1211,Attacker,,False,1,5,2,,,5,,,,,,,,,,,,,,,,,2,0,0,,,,,
48257,R. Jönsson,Richard Rasmus,Jönsson,34,Sweden,192 cm,71 kg,False,161,VfL Wolfsburg,78,Bundesliga,2012,6,0,74,Attacker,,False,6,0,10,,,0,,,,,,,,,,,,,,,,,1,0,0,,,,,
48379,C. Zambrano,Carlos Augusto,Zambrano Ochandarte,36,Peru,185,77,False,169,Eintracht Frankfurt,78,Bundesliga,2012,30,30,2646,Defender,,False,0,3,0,,,0,,,,,,,,,,,,,,,,,11,0,0,,,,,
48582,R. Holzhauser,Raphael,Holzhauser,32,Austria,192,84,False,172,VfB Stuttgart,78,Bundesliga,2012,21,14,1152,Defender,,False,7,13,17,,,0,,,,,,,,,,,,,,,,,2,0,0,,,,,
66281,V. Pilař,Václav,Pilař,37,Czechia,171,71,False,161,VfL Wolfsburg,78,Bundesliga,2012,0,0,0,Midfielder,,False,0,0,0,,,0,,,,,,,,,,,,,,,,,0,0,0,,,,,
90763,A. Ludwig,Andreas,Ludwig,35,Germany,174 cm,68 kg,False,167,1899 Hoffenheim,78,Bundesliga,2012,5,0,111,Midfielder,,False,5,0,7,,,0,,,,,,,,,,,,,,,,,0,0,0,,,,,
2378,Vieirinha,Adelino André,Vieira Freitas,39,Portugal,172,70,False,161,VfL Wolfsburg,78,Bundesliga,2012,27,22,1970,Defender,,False,5,11,6,,,1,,,,,,,,,,,,,,,,,2,0,0,,,,,
15601,S. Mielitz,Sebastian,Mielitz,36,Germany,189,85,False,162,Werder Bremen,78,Bundesliga,2012,34,34,3060,Goalkeeper,,False,0,0,0,,,0,,,,,,,,,,,,,,,,,2,0,0,,,,,
24802,M. Höger,Marco,Höger,36,Germany,182,83,False,174,FC Schalke 04,78,Bundesliga,2012,22,15,1372,Midfielder,,False,7,5,10,,,3,,,,,,,,,,,,,,,,,5,0,0,,,,,
24925,M. Hornschuh,Marc,Hornschuh,34,Germany,188,82,False,165,Borussia Dortmund,78,Bundesliga,2012,0,0,0,Defender,,False,0,0,0,,,0,,,,,,,,,,,,,,,,,0,0,0,,,,,
25032,M. Grün,Maximilian,Grün,38,Germany,190,86,False,178,SpVgg Greuther Fürth,78,Bundesliga,2012,17,17,1530,Goalkeeper,,False,0,0,17,,,0,,,,,,,,,,,,,,,,,0,0,0,,,,,
25191,E. Zenga,Erik,Zenga,32,Germany,181,81,False,168,Bayer Leverkusen,78,Bundesliga,2012,0,0,0,Midfielder,,False,0,0,0,,,0,,,,,,,,,,,,,,,,,0,0,0,,,,,
25267,T. Albutat,Tim,Albutat,33,Germany,184,79,False,160,SC Freiburg,78,Bundesliga,2012,1,0,2,Midfielder,,False,1,0,1,,,0,,,,,,,,,,,,,,,,,0,0,0,,,,,
25370,J. Korb,Julian,Korb,33,Germany,177,70,False,163,Borussia Mönchengladbach,78,Bundesliga,2012,0,0,0,Defender,,False,0,0,4,,,0,,,,,,,,,,,,,,,,,0,0,0,,,,,
25371,M. Ostrzolek,Matthias,Ostrzolek,35,Germany,178,72,False,170,FC Augsburg,78,Bundesliga,2012,25,22,1959,Defender,,False,3,2,9,,,0,,,,,,,,,,,,,,,,,5,0,0,,,,,
25384,E. Prib,Edgar,Prib,36,Germany,180,77,False,178,SpVgg Greuther Fürth,78,Bundesliga,2012,27,25,2285,Defender,,False,2,3,2,,,3,,,,,,,,,,,,,,,,,4,0,0,,,,,
25521,N. Dams,Niklas,Dams,35,Germany,184,78,False,163,Borussia Mönchengladbach,78,Bundesliga,2012,0,0,0,Defender,,False,0,0,0,,,0,,,,,,,,,,,,,,,,,0,0,0,,,,,
25570,I. Gelios,Ioannis,Gelios,33,Greece,190,88,False,170,FC Augsburg,78,Bundesliga,2012,0,0,0,Goalkeeper,,False,0,0,7,,,0,,,,,,,,,,,,,,,,,0,0,0,,,,,
26096,M. Thiede,Marco,Thiede,33,Germany,178,75,False,170,FC Augsburg,78,Bundesliga,2012,0,0,0,Defender,,False,0,0,0,,,0,,,,,,,,,,,,,,,,,0,0,0,,,,,
26105,S. Sararer,Sercan,Sararer-Osuna,36,Türkiye,180,83,False,178,SpVgg Greuther Fürth,78,Bundesliga,2012,22,21,1787,Attacker,,False,1,8,1,,,1,,,,,,,,,,,,,,,,,3,1,0,,,,,
26259,M. Terrazzino,Marco,Terrazzino,34,Germany,176,74,False,160,SC Freiburg,78,Bundesliga,2012,6,1,157,Attacker,,False,5,0,10,,,1,,,,,,,,,,,,,,,,,0,0,0,,,,,
40593,S. Benyamina,Soufian,Benyamina,35,Germany,190,82,False,172,VfB Stuttgart,78,Bundesliga,2012,2,0,5,Attacker,,False,2,0,3,,,0,,,,,,,,,,,,,,,,,0,0,0,,,,,
50861,A. Ring,Alexander Michael,Ring,34,Finland,178,73,False,163,Borussia Mönchengladbach,78,Bundesliga,2012,6,2,185,Midfielder,,False,4,2,17,,,0,,,,,,,,,,,,,,,,,0,0,0,,,,,
87935,M. Wegner,Max,Wegner,36,Germany,179,80,False,162,Werder Bremen,78,Bundesliga,2012,0,0,0,Attacker,,False,0,0,2,,,0,,,,,,,,,,,,,,,,,0,0,0,,,,,
88008,C. Röcker,Cimo Patric,Röcker,31,Germany,186,77,False,162,Werder Bremen,78,Bundesliga,2012,0,0,0,Defender,,False,0,0,0,,,0,,,,,,,,,,,,,,,,,0,0,0,,,,,
88017,M. Bouziane,Mounir,Bouziane,34,France,184,82,False,160,SC Freiburg,78,Bundesliga,2012,0,0,0,Attacker,,False,0,0,0,,,0,,,,,,,,,,,,,,,,,0,0,0,,,,,
25,M. Reus,Marco,Reus,36,Germany,180,71,False,165,Borussia Dortmund,78,Bundesliga,2012,32,27,2345,Midfielder,,False,5,13,5,,,14,,,,,,,,,,,,,,,,,4,0,0,,,,,
127,M. ter Stegen,Marc-André,ter Stegen,33,Germany,187,88,False,163,Borussia Mönchengladbach,78,Bundesliga,2012,34,34,3047,Goalkeeper,,False,0,1,0,,,0,,,,,,,,,,,,,,,,,2,0,0,,,,,
505,D. Alaba,David,Olatukunbo Alaba,33,Austria,180,78,False,157,Bayern München,78,Bundesliga,2012,23,22,1993,Defender,,False,1,0,4,,,3,,,,,,,,,,,,,,,,,0,0,0,,,,,
521,R. Lewandowski,Robert,Lewandowski,37,Poland,186,81,False,165,Borussia Dortmund,78,Bundesliga,2012,31,29,2594,Attacker,,False,2,1,3,,,24,,,,,,,,,,,,,,,,,2,0,1,,,,,
522,T. Müller,Thomas,Müller,36,Germany,185,76,False,157,Bayern München,78,Bundesliga,2012,28,25,2095,Attacker,,False,3,10,5,,,13,,,,,,,,,,,,,,,,,0,0,0,,,,,
733,Dani Carvajal,Daniel,Carvajal Ramos,33,Spain,173,73,False,168,Bayer Leverkusen,78,Bundesliga,2012,32,31,2780,Defender,,False,1,5,2,,,1,,,,,,,,,,,,,,,,,7,0,0,,,,,
973,M. Weiser,Mitchell-Elijah,Weiser,31,Germany,177,70,False,157,Bayern München,78,Bundesliga,2012,0,0,0,Defender,,False,0,0,4,,,0,,,,,,,,,,,,,,,,,0,0,0,,,,,
1712,R. Strebinger,Richard,Strebinger,32,Austria,194,93,False,162,Werder Bremen,78,Bundesliga,2012,0,0,0,Goalkeeper,,False,0,0,18,,,0,,,,,,,,,,,,,,,,,0,0,0,,,,,
1800,K. Trapp,Kevin Christian,Trapp,35,Germany,189,84,False,169,Eintracht Frankfurt,78,Bundesliga,2012,26,26,2340,Goalkeeper,,False,0,0,0,,,0,,,,,,,,,,,,,,,,,0,0,0,,,,,
1823,M. Stendera,Marc,Stendera,30,Germany,173,73,False,169,Eintracht Frankfurt,78,Bundesliga,2012,5,2,215,Midfielder,,False,3,1,4,,,0,,,,,,,,,,,,,,,,,0,0,0,,,,,
1907,H. Sakai,Hiroki,Sakai,35,Japan,185,78,False,166,Hannover 96,78,Bundesliga,2012,13,8,711,Defender,,False,5,3,24,,,0,,,,,,,,,,,,,,,,,3,0,0,,,,,
2076,C. Ramírez,Cristian Leonel,Ramírez Zambrano,31,Ecuador,174,78,False,158,Fortuna Düsseldorf,78,Bundesliga,2012,0,0,0,Defender,,False,0,0,2,,,0,,,,,,,,,,,,,,,,,0,0,0,,,,,
2740,M. Langerak,Mitchell James,Langerak,37,Australia,193,79,False,165,Borussia Dortmund,78,Bundesliga,2012,3,3,270,Goalkeeper,,False,0,0,31,,,0,,,,,,,,,,,,,,,,,1,0,0,,,,,
2747,M. Amini,Mohammad Mustafa,Amini Castillo,32,Australia,173,71,False,165,Borussia Dortmund,78,Bundesliga,2012,0,0,0,Midfielder,,False,0,0,0,,,0,,,,,,,,,,,,,,,,,0,0,0,,,,,
22163,Dante,Dante Bonfim,Costa Santos,42,Brazil,188,87,False,157,Bayern München,78,Bundesliga,2012,29,29,2610,Defender,,False,0,0,3,,,1,,,,,,,,,,,,,,,,,4,0,0,,,,,
24871,K. Papadopoulos,Kyriakos,Papadopoulos,33,Greece,185,87,False,174,FC Schalke 04,78,Bundesliga,2012,10,9,809,Defender,,False,1,0,1,,,1,,,,,,,,,,,,,,,,,1,1,0,,,,,
24959,S. Thesker,Stefan,Thesker,34,Germany,190,84,False,167,1899 Hoffenheim,78,Bundesliga,2012,4,3,266,Defender,,False,1,1,8,,,0,,,,,,,,,,,,,,,,,0,0,0,,,,,
25812,J. Sternberg,Janek,Sternberg,33,Germany,181,78,False,175,Hamburger SV,78,Bundesliga,2012,0,0,0,Defender,,False,0,0,2,,,0,,,,,,,,,,,,,,,,,0,0,0,,,,,
26559,G. Wegkamp,Gerrit,Wegkamp,32,Germany,193,84,False,158,Fortuna Düsseldorf,78,Bundesliga,2012,3,0,15,Attacker,,False,3,0,10,,,0,,,,,,,,,,,,,,,,,0,0,0,,,,,
37765,L. Unnerstall,Lars,Unnerstall,35,Germany,198,103,False,174,FC Schalke 04,78,Bundesliga,2012,13,13,1170,Goalkeeper,,False,0,0,8,,,0,,,,,,,,,,,,,,,,,1,0,0,,,,,
2,M. Hitz,Marwin,Hitz,38,Switzerland,194,91,False,161,VfL Wolfsburg,78,Bundesliga,2012,0,0,0,Goalkeeper,,False,0,0,34,,,0,,,,,,,,,,,,,,,,,0,0,0,,,,,
551,K. Huntelaar,Klaas-Jan,Huntelaar,38,Netherlands,186 cm,83 kg,False,174,FC Schalke 04,78,Bundesliga,2012,26,26,2232,Attacker,,False,0,7,0,,,10,,,,,,,,,,,,,,,,,5,1,0,,,,,
878,M. Mandžukić,Mario,Mandžukić,35,Croatia,190 cm,85 kg,False,157,Bayern München,78,Bundesliga,2012,24,22,1741,Attacker,,False,2,19,8,,,15,,,,,,,,,,,,,,,,,2,0,0,,,,,
1850,M. Badelj,Milan,Badelj,36,Croatia,186 cm,76 kg,False,175,Hamburger SV,78,Bundesliga,2012,31,30,2506,Midfielder,,False,1,9,1,,,1,,,,,,,,,,,,,,,,,8,0,0,,,,,
2600,T. Inui,Takashi,Inui,37,Japan,169,63,False,169,Eintracht Frankfurt,78,Bundesliga,2012,33,33,2648,Midfielder,,False,0,22,0,,,6,,,,,,,,,,,,,,,,,5,1,0,,,,,
2605,T. Usami,Takashi,Usami,33,Japan,178,69,False,167,1899 Hoffenheim,78,Bundesliga,2012,20,15,1259,Attacker,,False,5,9,10,,,2,,,,,,,,,,,,,,,,,2,0,0,,,,,
2918,K. Casteels,Koen,Casteels,33,Belgium,197,86,False,167,1899 Hoffenheim,78,Bundesliga,2012,16,15,1386,Goalkeeper,,False,1,0,17,,,0,,,,,,,,,,,,,,,,,1,0,0,,,,,
3006,J. Błaszczykowski,Jakub,Błaszczykowski,38,Poland,175 cm,71 kg,False,165,Borussia Dortmund,78,Bundesliga,2012,27,23,1937,Midfielder,,False,4,16,4,,,11,,,,,,,,,,,,,,,,,1,0,0,,,,,
3081,K. Musona,Knowledge,Musona,35,Zimbabwe,174,72,False,170,FC Augsburg,78,Bundesliga,2012,14,8,781,Midfielder,,False,6,5,10,,,0,,,,,,,,,,,,,,,,,2,0,0,,,,,
8912,E. Hoffer,Erwin,Hoffer,34,Austria,177 cm,72 kg,False,169,Eintracht Frankfurt,78,Bundesliga,2012,6,2,187,Attacker,,False,4,3,15,,,1,,,,,,,,,,,,,,,,,0,0,0,,,,,
24872,G. Sakai,Gōtoku,Sakai,34,Japan,176,74,False,172,VfB Stuttgart,78,Bundesliga,2012,27,27,2404,Defender,,False,0,1,1,,,0,,,,,,,,,,,,,,,,,5,0,1,,,,,
25212,S. Kittel,Sonny,Kittel,32,Germany,179,76,False,169,Eintracht Frankfurt,78,Bundesliga,2012,6,0,33,Midfielder,,False,6,0,18,,,0,,,,,,,,,,,,,,,,,0,0,0,,,,,
25613,S. Kerk,Sebastian,Kerk,31,Germany,184,76,False,160,SC Freiburg,78,Bundesliga,2012,1,1,64,Midfielder,,False,0,1,0,,,0,,,,,,,,,,,,,,,,,0,0,0,,,,,
26234,A. Schwolow,Alexander,Schwolow,33,Germany,190,84,False,160,SC Freiburg,78,Bundesliga,2012,0,0,0,Goalkeeper,,False,0,0,14,,,0,,,,,,,,,,,,,,,,,0,0,0,,,,,
26301,M. Kempf,Marc Oliver,Kempf,30,Germany,186,87,False,169,Eintracht Frankfurt,78,Bundesliga,2012,2,2,180,Defender,,False,0,0,1,,,0,,,,,,,,,,,,,,,,,0,0,0,,,,,
31075,Cristian Molinaro,Cristian,Molinaro,39,Italy,182 cm,82 kg,False,172,VfB Stuttgart,78,Bundesliga,2012,25,19,1758,Defender,,False,6,2,13,,,0,,,,,,,,,,,,,,,,,4,0,0,,,,,
31548,Slobodan Rajković,Slobodan,Rajković,33,Serbia,191 cm,88 kg,False,175,Hamburger SV,78,Bundesliga,2012,13,6,633,Defender,,False,7,0,10,,,0,,,,,,,,,,,,,,,,,0,0,0,,,,,
48385,Z. Kuzmanović,Zdravko,Kuzmanović,34,Serbia,186 cm,80 kg,False,172,VfB Stuttgart,78,Bundesliga,2012,12,7,737,Midfielder,,False,5,3,10,,,0,,,,,,,,,,,,,,,,,3,0,0,,,,,
71266,Edson René Braafheid,Edson René,Braafheid,38,Netherlands,176 cm,81 kg,False,167,1899 Hoffenheim,78,Bundesliga,2012,0,0,0,Defender,,False,0,0,0,,,0,,,,,,,,,,,,,,,,,0,0,0,,,,,
90652,M. Compper,Marvin,Compper,36,Germany,185 cm,80 kg,False,167,1899 Hoffenheim,78,Bundesliga,2012,16,16,1401,Defender,,False,0,0,1,,,0,,,,,,,,,,,,,,,,,2,1,0,,,,,
94,Naldo,Ronaldo,Aparecido Rodrigues,39,Brazil,198 cm,91 kg,False,161,VfL Wolfsburg,78,Bundesliga,2012,31,31,2708,Defender,,False,0,2,0,,,6,,,,,,,,,,,,,,,,,8,0,0,,,,,
333,A. Milik,Arkadiusz Krystian,Milik,31,Poland,186,80,False,168,Bayer Leverkusen,78,Bundesliga,2012,6,0,53,Attacker,,False,6,0,14,,,0,,,,,,,,,,,,,,,,,0,0,0,,,,,
500,Rafinha,Márcio Rafael,Ferreira de Souza,40,Brazil,172 cm,65 kg,False,157,Bayern München,78,Bundesliga,2012,13,6,567,Defender,,False,7,1,19,,,2,,,,,,,,,,,,,,,,,2,1,0,,,,,
501,M. Hummels,Mats Julian,Hummels,37,Germany,191 cm,94 kg,False,165,Borussia Dortmund,78,Bundesliga,2012,28,28,2376,Defender,,False,0,4,1,,,1,,,,,,,,,,,,,,,,,3,0,0,,,,,
1118,J. Toljan,Jeremy Isaiah Richard,Toljan,31,Germany,182,74,False,167,1899 Hoffenheim,78,Bundesliga,2012,0,0,0,Defender,,False,0,0,3,,,0,,,,,,,,,,,,,,,,,0,0,0,,,,,
1438,B. Leno,Bernd,Leno,33,Germany,189,82,False,168,Bayer Leverkusen,78,Bundesliga,2012,32,32,2880,Goalkeeper,,False,0,0,0,,,0,,,,,,,,,,,,,,,,,2,0,0,,,,,
1464,G. Xhaka,Granit,Xhaka,33,Switzerland,186,80,False,163,Borussia Mönchengladbach,78,Bundesliga,2012,22,15,1473,Midfielder,,False,7,3,17,,,1,,,,,,,,,,,,,,,,,4,0,0,,,,,
1631,R. Rodríguez,Ricardo Iván,Rodríguez Araya,33,Switzerland,182,83,False,161,VfL Wolfsburg,78,Bundesliga,2012,24,19,1709,Defender,,False,5,2,13,,,0,,,,,,,,,,,,,,,,,1,0,0,,,,,
2411,Fágner,Fágner,Conserva Lemos,36,Brazil,168,67,False,161,VfL Wolfsburg,78,Bundesliga,2012,26,24,2078,Defender,,False,2,6,6,,,0,,,,,,,,,,,,,,,,,5,0,0,,,,,
2452,T. Rincón,Tomás Eduardo,Rincón Hernández,37,Venezuela,177,76,False,175,Hamburger SV,78,Bundesliga,2012,20,9,933,Midfielder,,False,11,4,17,,,0,,,,,,,,,,,,,,,,,2,0,0,,,,,
2693,A. Dejagah,Ashkan,Dejagah,37,Iran,181 cm,74 kg,False,161,VfL Wolfsburg,78,Bundesliga,2012,1,1,67,Midfielder,,False,0,1,0,,,0,,,,,,,,,,,,,,,,,0,0,0,,,,,
6985,A. Baumjohann,Alexander,Baumjohann,34,Germany,178 cm,75 kg,False,174,FC Schalke 04,78,Bundesliga,2012,0,0,0,Midfielder,,False,0,0,0,,,0,,,,,,,,,,,,,,,,,0,0,0,,,,,
12666,Renato Augusto,Renato,Soares de Oliveira Augusto,37,Brazil,186,86,False,168,Bayer Leverkusen,78,Bundesliga,2012,6,0,92,Midfielder,,False,6,1,10,,,0,,,,,,,,,,,,,,,,,0,0,0,,,,,
25391,N. Füllkrug,Niclas,Füllkrug,32,Germany,189,83,False,162,Werder Bremen,78,Bundesliga,2012,12,1,257,Attacker,,False,11,1,15,,,1,,,,,,,,,,,,,,,,,0,0,0,,,,,
25448,K. Ayhan,Kaan,Ayhan,31,Türkiye,185,84,False,174,FC Schalke 04,78,Bundesliga,2012,0,0,0,Defender,,False,0,0,2,,,0,,,,,,,,,,,,,,,,,0,0,0,,,,,
30407,C. Nørgaard,Christian,Thers Nørgaard,31,Denmark,187,73,False,175,Hamburger SV,78,Bundesliga,2012,0,0,0,Midfielder,,False,0,0,1,,,0,,,,,,,,,,,,,,,,,0,0,0,,,,,
30772,K. Günter,Koray,Günter,31,Germany,185 cm,79 kg,False,165,Borussia Dortmund,78,Bundesliga,2012,0,0,0,Defender,,False,0,0,2,,,0,,,,,,,,,,,,,,,,,0,0,0,,,,,
51004,M. Mancienne,Michael Ian,Mancienne,35,Seychelles,184 cm,80 kg,False,175,Hamburger SV,78,Bundesliga,2012,21,21,1757,Defender,,False,0,2,1,,,0,,,,,,,,,,,,,,,,,2,0,0,,,,,
114422,Josué Anunciado de Oliveira,Josué,Anunciado de Oliveira,36,Brazil,169 cm,73 kg,False,161,VfL Wolfsburg,78,Bundesliga,2012,11,8,841,Midfielder,,False,3,4,3,,,0,,,,,,,,,,,,,,,,,6,0,1,,,,,
115018,C. Weber,Christian,Weber,38,Germany,175 cm,72 kg,False,158,Fortuna Düsseldorf,78,Bundesliga,2012,0,0,0,Defender,,False,0,0,0,,,0,,,,,,,,,,,,,,,,,0,0,0,,,,,
2105,S. Pocognoli,Sébastien,Pocognoli,34,Belgium,182 cm,72 kg,False,166,Hannover 96,78,Bundesliga,2012,11,10,761,Defender,,False,1,3,1,,,0,,,,,,,,,,,,,,,,,0,0,1,,,,,
2804,T. Klose,Timm,Klose,35,Switzerland,193 cm,87 kg,False,171,1. FC Nürnberg,78,Bundesliga,2012,32,32,2800,Defender,,False,0,2,0,,,2,,,,,,,,,,,,,,,,,5,0,0,,,,,
18773,C. Fuchs,Christian,Fuchs,37,Austria,187 cm,89 kg,False,174,FC Schalke 04,78,Bundesliga,2012,29,23,2132,Defender,,False,6,3,8,,,0,,,,,,,,,,,,,,,,,7,0,0,,,,,
18787,S. Okazaki,Shinji,Okazaki,38,Japan,174 cm,70 kg,False,172,VfB Stuttgart,78,Bundesliga,2012,25,11,1008,Attacker,,False,14,8,18,,,1,,,,,,,,,,,,,,,,,3,0,0,,,,,
18789,Gomes,Heurelho,da Silva Gomes,40,Brazil,191 cm,91 kg,False,167,1899 Hoffenheim,78,Bundesliga,2012,9,9,774,Goalkeeper,,False,0,1,0,,,0,,,,,,,,,,,,,,,,,0,0,0,,,,,
18943,J. Vestergaard,Jannik,Vestergaard,33,Denmark,199,94,False,167,1899 Hoffenheim,78,Bundesliga,2012,16,14,1336,Defender,,False,2,0,12,,,0,,,,,,,,,,,,,,,,,6,0,0,,,,,
19021,Håvard Nordtveit,Håvard,Nordtveit,32,Norway,188 cm,83 kg,False,163,Borussia Mönchengladbach,78,Bundesliga,2012,31,30,2575,Defender,,False,1,4,1,,,1,,,,,,,,,,,,,,,,,4,0,0,,,,,
19031,A. Schürrle,André,Schürrle,30,Germany,184 cm,73 kg,False,168,Bayer Leverkusen,78,Bundesliga,2012,34,34,2830,Midfielder,,False,0,19,0,,,11,,,,,,,,,,,,,,,,,1,0,0,,,,,
19054,Daniel Williams,Daniel,Williams,31,USA,182 cm,79 kg,False,167,1899 Hoffenheim,78,Bundesliga,2012,21,17,1543,Midfielder,,False,4,4,8,,,1,,,,,,,,,,,,,,,,,8,0,0,,,,,
19290,M. Hefele,Michael,Hefele,31,Germany,192 cm,89 kg,False,178,SpVgg Greuther Fürth,78,Bundesliga,2012,1,0,12,Defender,,False,1,0,8,,,0,,,,,,,,,,,,,,,,,0,0,0,,,,,
25237,J. Kirchhoff,Jan Tilman,Kirchhoff,31,Germany,195 cm,82 kg,False,164,FSV Mainz 05,78,Bundesliga,2012,18,9,1088,Defender,,False,9,1,11,,,0,,,,,,,,,,,,,,,,,5,0,0,,,,,
50914,B. Schweinsteiger,Bastian,Schweinsteiger,35,Germany,183 cm,79 kg,False,157,Bayern München,78,Bundesliga,2012,28,27,2358,Midfielder,,False,1,7,1,,,7,,,,,,,,,,,,,,,,,4,0,0,,,,,
72157,I. Afellay,Ibrahim,Afellay,35,Netherlands,181 cm,76 kg,False,174,FC Schalke 04,78,Bundesliga,2012,10,8,628,Midfielder,,False,2,5,2,,,2,,,,,,,,,,,,,,,,,2,0,0,,,,,
87328,Philipp Wollscheid,Philipp,Wollscheid,29,Germany,194 cm,88 kg,False,168,Bayer Leverkusen,78,Bundesliga,2012,31,31,2790,Defender,,False,0,0,0,,,2,,,,,,,,,,,,,,,,,6,0,0,,,,,
114839,P. Scharner,Paul,Scharner,41,Austria,191 cm,80 kg,False,175,Hamburger SV,78,Bundesliga,2012,4,1,46,Midfielder,,False,3,0,7,,,0,,,,,,,,,,,,,,,,,1,1,0,,,,,
114847,I. Klasnic,Ivan,Klasnic,33,Croatia,186 cm,76 kg,False,164,FSV Mainz 05,78,Bundesliga,2012,3,1,66,Attacker,,False,2,1,12,,,1,,,,,,,,,,,,,,,,,0,0,0,,,,,
114853,Somen Alfred Tchoyi,Somen Alfred,Tchoyi,33,Cameroon,190 cm,89 kg,False,170,FC Augsburg,78,Bundesliga,2012,2,0,29,Midfielder,,False,2,0,2,,,0,,,,,,,,,,,,,,,,,0,0,0,,,,,
114902,S. Kyrgiakos,Sotirios,Kyrgiakos,42,Greece,193 cm,88 kg,False,161,VfL Wolfsburg,78,Bundesliga,2012,2,1,129,Defender,,False,1,1,1,,,0,,,,,,,,,,,,,,,,,0,0,0,,,,,
114985,Andriy Voronin,Andriy,Voronin,35,Ukraine,180 cm,75 kg,False,158,Fortuna Düsseldorf,78,Bundesliga,2012,10,6,564,Attacker,,False,4,5,7,,,0,,,,,,,,,,,,,,,,,0,0,0,,,,,
115001,M. Latka,Martin,Latka,37,Czech Republic,192 cm,83 kg,False,158,Fortuna Düsseldorf,78,Bundesliga,2012,13,13,1170,Defender,,False,0,0,0,,,0,,,,,,,,,,,,,,,,,3,0,0,,,,,
186,Son Heung-Min,Heung-Min,Son,33,Korea Republic,183,78,False,175,Hamburger SV,78,Bundesliga,2012,33,31,2702,Attacker,,False,2,14,2,,,12,,,,,,,,,,,,,,,,,4,0,0,,,,,
275,E. Choupo-Moting,Eric Maxim,Choupo-Moting,36,Cameroon,191,90,False,164,FSV Mainz 05,78,Bundesliga,2012,8,4,408,Attacker,,False,4,1,7,,,0,,,,,,,,,,,,,,,,,0,0,0,,,,,
286,J. Matip,Job Joël André,Matip,33,Cameroon,195 cm,90 kg,False,174,FC Schalke 04,78,Bundesliga,2012,32,32,2873,Defender,,False,0,1,2,,,3,,,,,,,,,,,,,,,,,4,0,0,,,,,
302,Roberto Firmino,Roberto Firmino,Barbosa de Oliveira,34,Brazil,181,76,False,167,1899 Hoffenheim,78,Bundesliga,2012,33,29,2473,Attacker,,False,4,15,4,,,5,,,,,,,,,,,,,,,,,9,0,0,,,,,
396,R. Fährmann,Ralf Sebastian,Fährmann,37,Germany,197 cm,98 kg,False,174,FC Schalke 04,78,Bundesliga,2012,0,0,0,Goalkeeper,,False,0,0,19,,,0,,,,,,,,,,,,,,,,,0,0,0,,,,,
629,K. De Bruyne,Kevin,De Bruyne,34,Belgium,181,68,False,162,Werder Bremen,78,Bundesliga,2012,33,33,2966,Midfielder,,False,0,1,0,,,10,,,,,,,,,,,,,,,,,4,0,0,,,,,
720,L. Rupp,Lukas,Rupp,34,Germany,178,73,False,163,Borussia Mönchengladbach,78,Bundesliga,2012,21,13,1086,Midfielder,,False,8,9,11,,,0,,,,,,,,,,,,,,,,,1,0,0,,,,,
1442,S. Kolašinac,Sead,Kolašinac,32,Bosnia and Herzegovina,183,85,False,174,FC Schalke 04,78,Bundesliga,2012,16,12,1102,Defender,,False,4,1,19,,,0,,,,,,,,,,,,,,,,,2,0,0,,,,,
2735,P. Højbjerg,Pierre-Emile Kordt,Højbjerg,30,Denmark,185,84,False,157,Bayern München,78,Bundesliga,2012,2,0,19,Midfielder,,False,2,0,3,,,0,,,,,,,,,,,,,,,,,0,0,0,,,,,
2767,L. Balogun,Leon Aderemi,Balogun,37,Nigeria,190 cm,88 kg,False,158,Fortuna Düsseldorf,78,Bundesliga,2012,17,16,1429,Defender,,False,1,2,7,,,0,,,,,,,,,,,,,,,,,4,0,0,,,,,
2911,Ji Dong-Won,Dong-Won,Ji,34,Korea Republic,188,81,False,170,FC Augsburg,78,Bundesliga,2012,17,17,1495,Attacker,,False,0,5,0,,,5,,,,,,,,,,,,,,,,,2,0,0,,,,,
3008,M. Klich,Mateusz Andrzej,Klich,35,Poland,183,84,False,161,VfL Wolfsburg,78,Bundesliga,2012,0,0,0,Midfielder,,False,0,0,0,,,0,,,,,,,,,,,,,,,,,0,0,0,,,,,
18907,Joselu,José Luis,Sanmartín Mato,35,Spain,191,82,False,167,1899 Hoffenheim,78,Bundesliga,2012,25,17,1600,Attacker,,False,8,7,9,,,5,,,,,,,,,,,,,,,,,2,0,0,,,,,
19044,C. Löwe,Chris Jörg,Löwe,35,Germany,175 cm,68 kg,False,165,Borussia Dortmund,78,Bundesliga,2012,0,0,0,Defender,,False,0,0,12,,,0,,,,,,,,,,,,,,,,,0,0,0,,,,,
19085,T. Pukki,Teemu Eino Antero,Pukki,35,Finland,180,81,False,174,FC Schalke 04,78,Bundesliga,2012,17,2,435,Attacker,,False,15,1,29,,,3,,,,,,,,,,,,,,,,,0,0,0,,,,,
19236,M. Bešić,Muhamed,Bešić,33,Bosnia and Herzegovina,180 cm,80 kg,False,175,Hamburger SV,78,Bundesliga,2012,0,0,0,Midfielder,,False,0,0,0,,,0,,,,,,,,,,,,,,,,,0,0,0,,,,,
21996,A. Baba,Abdul Rahman,Baba,31,Ghana,180,72,False,178,SpVgg Greuther Fürth,78,Bundesliga,2012,20,18,1628,Defender,,False,2,1,9,,,0,,,,,,,,,,,,,,,,,2,0,0,,,,,
24876,L. Holtby,Lewis Harry,Holtby,35,Germany,175,76,False,174,FC Schalke 04,78,Bundesliga,2012,19,18,1458,Midfielder,,False,1,12,1,,,4,,,,,,,,,,,,,,,,,4,0,0,,,,,
26293,R. Zieler,Ron-Robert,Zieler,36,Germany,188,81,False,166,Hannover 96,78,Bundesliga,2012,34,34,3060,Goalkeeper,,False,0,0,0,,,0,,,,,,,,,,,,,,,,,1,0,0,,,,,
114799,Rafael van der Vaart,Rafael,van der Vaart,35,Netherlands,176 cm,74 kg,False,175,Hamburger SV,78,Bundesliga,2012,27,27,2291,Midfielder,,False,0,13,0,,,5,,,,,,,,,,,,,,,,,5,0,0,,,,,
207,I. Perišić,Ivan,Perišić,36,Croatia,186,80,False,161,VfL Wolfsburg,78,Bundesliga,2012,11,7,542,Attacker,,False,4,5,5,,,2,,,,,,,,,,,,,,,,,1,0,0,,,,,
207,I. Perišić,Ivan,Perišić,36,Croatia,186,80,False,165,Borussia Dortmund,78,Bundesliga,2012,14,5,507,Attacker,,False,9,3,12,,,2,,,,,,,,,,,,,,,,,1,0,0,,,,,
246,L. de Jong,Luuk,de Jong,35,Netherlands,188,86,False,163,Borussia Mönchengladbach,78,Bundesliga,2012,23,17,1413,Attacker,,False,6,11,7,,,6,,,,,,,,,,,,,,,,,3,0,0,,,,,
307,X. Shaqiri,Xherdan,Shaqiri,34,Switzerland,169,72,False,157,Bayern München,78,Bundesliga,2012,26,13,1370,Midfielder,,False,13,7,19,,,4,,,,,,,,,,,,,,,,,1,0,0,,,,,
516,A. Robben,Arjen,Robben,37,Netherlands,180 cm,80 kg,False,157,Bayern München,78,Bundesliga,2012,16,11,983,Attacker,,False,5,7,9,,,5,,,,,,,,,,,,,,,,,0,0,0,,,,,
864,E. Can,Emre,Can,31,Germany,186,86,False,157,Bayern München,78,Bundesliga,2012,4,2,214,Midfielder,,False,2,1,7,,,1,,,,,,,,,,,,,,,,,1,0,0,,,,,
1296,W. Kvist,William Vitved,Kvist Jørgensen,36,Denmark,184 cm,80 kg,False,172,VfB Stuttgart,78,Bundesliga,2012,23,21,1862,Midfielder,,False,2,4,8,,,0,,,,,,,,,,,,,,,,,6,0,0,,,,,
1450,S. Papastathopoulos,Sokratis,Papastathopoulos,36,Greece,186 cm,85 kg,False,162,Werder Bremen,78,Bundesliga,2012,29,29,2566,Defender,,False,0,1,0,,,1,,,,,,,,,,,,,,,,,6,0,0,,,,,
2285,A. Rüdiger,Antonio,Rüdiger,32,Germany,190,85,False,172,VfB Stuttgart,78,Bundesliga,2012,16,11,995,Defender,,False,5,1,14,,,0,,,,,,,,,,,,,,,,,4,0,1,,,,,
7526,E. Pogatetz,Emanuel,Pogatetz,37,Austria,191 cm,90 kg,False,161,VfL Wolfsburg,78,Bundesliga,2012,8,8,646,Defender,,False,0,3,11,,,0,,,,,,,,,,,,,,,,,1,0,0,,,,,
12541,José Jurado,José Manuel,Jurado Marín,34,Spain,173 cm,72 kg,False,174,FC Schalke 04,78,Bundesliga,2012,0,0,0,Midfielder,,False,0,0,0,,,0,,,,,,,,,,,,,,,,,0,0,0,,,,,
18801,S. Prödl,Sebastian,Prödl,34,Austria,194 cm,92 kg,False,162,Werder Bremen,78,Bundesliga,2012,28,23,1931,Defender,,False,5,3,7,,,1,,,,,,,,,,,,,,,,,2,0,1,,,,,
18830,M. Arnautović,Marko,Arnautović,36,Austria,192,83,False,162,Werder Bremen,78,Bundesliga,2012,26,21,1961,Attacker,,False,5,9,5,,,5,,,,,,,,,,,,,,,,,9,1,0,,,,,
19075,Moritz Leitner,Moritz,Leitner,30,Germany,174 cm,69 kg,False,165,Borussia Dortmund,78,Bundesliga,2012,25,8,979,Midfielder,,False,17,5,26,,,0,,,,,,,,,,,,,,,,,1,0,0,,,,,
25331,C. Pizarro,Claudio Miguel,Pizarro Bossio,43,Peru,184 cm,84 kg,False,157,Bayern München,78,Bundesliga,2012,20,7,745,Attacker,,False,13,3,20,,,6,,,,,,,,,,,,,,,,,0,0,0,,,,,
25444,Jaroslav Drobný,Jaroslav,Drobný,42,Czech Republic,192 cm,90 kg,False,175,Hamburger SV,78,Bundesliga,2012,2,2,180,Goalkeeper,,False,0,0,29,,,0,,,,,,,,,,,,,,,,,0,0,0,,,,,
30550,Ragnar Klavan,Ragnar,Klavan,40,Estonia,187 cm,85 kg,False,170,FC Augsburg,78,Bundesliga,2012,30,29,2572,Defender,,False,1,1,4,,,0,,,,,,,,,,,,,,,,,5,0,0,,,,,
88069,David Yelldell,David,Yelldell,36,USA,194 cm,88 kg,False,168,Bayer Leverkusen,78,Bundesliga,2012,0,0,0,Goalkeeper,,False,0,0,8,,,0,,,,,,,,,,,,,,,,,0,0,0,,,,,
90523,Alexander Manninger,Alexander,Manninger,40,Austria,189 cm,85 kg,False,170,FC Augsburg,78,Bundesliga,2012,12,12,1080,Goalkeeper,,False,0,0,6,,,0,,,,,,,,,,,,,,,,,0,0,0,,,,,
114909,L. Andreasen,Leon,Andreasen,38,Denmark,188 cm,81 kg,False,166,Hannover 96,78,Bundesliga,2012,5,4,262,Midfielder,,False,1,3,1,,,2,,,,,,,,,,,,,,,,,0,0,0,,,,,
114958,D. Van Buyten,Daniel,Van Buyten,43,Belgium,197 cm,95 kg,False,157,Bayern München,78,Bundesliga,2012,13,11,1065,Defender,,False,2,0,14,,,0,,,,,,,,,,,,,,,,,0,0,0,,,,,
499,J. Boateng,Jérôme Agyenim,Boateng,37,Germany,192,90,False,157,Bayern München,78,Bundesliga,2012,26,25,2245,Defender,,False,1,1,7,,,2,,,,,,,,,,,,,,,,,5,0,0,,,,,
633,İ. Gündoğan,İlkay,Gündoğan,35,Germany,180,80,False,165,Borussia Dortmund,78,Bundesliga,2012,28,,,Midfielder,,False,,,,,,3,0,,,,,,,,,,,,,,,,4,,0,,,,,
1357,Mehmet Ekici,Mehmet,Ekici,30,Turkey,180 cm,75 kg,False,162,Werder Bremen,78,Bundesliga,2012,9,6,463,Midfielder,,False,3,5,16,,,2,,,,,,,,,,,,,,,,,0,0,0,,,,,
2419,L. Advíncula,Luis Jan Piers,Advíncula Castrillón,35,Peru,180,80,False,167,1899 Hoffenheim,78,Bundesliga,2012,2,,,Defender,,False,,,,,,0,0,,,,,,,,,,,,,,,,1,,0,,,,,
3419,Afriyie Acquah,Afriyie,Acquah,30,Ghana,179 cm,70 kg,False,167,1899 Hoffenheim,78,Bundesliga,2012,0,0,0,Midfielder,,False,0,0,2,,,0,,,,,,,,,,,,,,,,,0,0,0,,,,,
19081,T. Trybull,Tom,Trybull,32,Germany,181,72,False,162,Werder Bremen,78,Bundesliga,2012,4,4,301,Midfielder,,False,0,2,3,,,0,,,,,,,,,,,,,,,,,1,0,0,,,,,
22091,N. Subotić,Neven,Subotić,33,Serbia,193 cm,85 kg,False,165,Borussia Dortmund,78,Bundesliga,2012,25,25,2241,Defender,,False,0,1,6,,,3,,,,,,,,,,,,,,,,,4,0,0,,,,,
25412,Y. Mallı,Yunus,Mallı,32,Türkiye,179 cm,72 kg,False,164,FSV Mainz 05,78,Bundesliga,2012,14,7,659,Midfielder,,False,7,5,19,,,1,,,,,,,,,,,,,,,,,1,0,0,,,,,
25921,A. Maxim,Alexandru Iulian,Maxim,35,Romania,179,73,False,172,VfB Stuttgart,78,Bundesliga,2012,11,,,Midfielder,,False,,,,,,1,0,,,,,,,,,,,,,,,,2,,0,,,,,
30448,J. Sala,Jacopo,Sala,33,Italy,181 cm,75 kg,False,175,Hamburger SV,78,Bundesliga,2012,8,2,176,Defender,,False,6,1,19,,,0,,,,,,,,,,,,,,,,,0,0,0,,,,,
36997,A. Özer,Aykut,Özer,33,Türkiye,188 cm,80 kg,False,169,Eintracht Frankfurt,78,Bundesliga,2012,1,,,Goalkeeper,,False,,,,,,0,0,,,,,,,,,,,,,,,,0,,0,,,,,
44468,J. Akpala,Joseph,Akpala,35,Nigeria,184 cm,78 kg,False,162,Werder Bremen,78,Bundesliga,2012,21,3,446,Attacker,,False,18,2,24,,,1,,,,,,,,,,,,,,,,,1,0,0,,,,,
49994,F. Diagne,Serigne Fallou,Diagne,34,Senegal,185 cm,75 kg,False,160,SC Freiburg,78,Bundesliga,2012,30,29,2446,Defender,,False,1,4,2,,,1,,,,,,,,,,,,,,,,,3,0,1,,,,,
50240,T. Torun,Tunay,Torun,33,Türkiye,176 cm,75 kg,False,172,VfB Stuttgart,78,Bundesliga,2012,9,4,464,Midfielder,,False,5,3,7,,,0,,,,,,,,,,,,,,,,,0,0,0,,,,,
62326,M. Ildız,Muhammed,Ildız,33,Austria,179 cm,75 kg,False,171,1. FC Nürnberg,78,Bundesliga,2012,5,0,31,Midfielder,,False,5,0,6,,,0,,,,,,,,,,,,,,,,,0,0,0,,,,,
79132,F. Daems,Filip,Daems,43,Belgium,181 cm,79 kg,False,163,Borussia Mönchengladbach,78,Bundesliga,2012,19,16,1487,Defender,,False,3,0,10,,,1,,,,,,,,,,,,,,,,,4,0,0,,,,,
99593,Edu,Eduardo,Goncalves de Oliveira,40,Brazil,185 cm,85 kg,False,178,SpVgg Greuther Fürth,78,Bundesliga,2012,10,7,625,Attacker,,False,3,4,5,,,1,,,,,,,,,,,,,,,,,1,0,0,,,,,
99593,Edu,Eduardo,Goncalves de Oliveira,40,Brazil,185 cm,85 kg,False,174,FC Schalke 04,78,Bundesliga,2012,0,0,0,Attacker,,False,0,0,1,,,0,,,,,,,,,,,,,,,,,0,0,0,,,,,
114998,Ciprian Andrei Marica,Ciprian Andrei,Marica,31,Romania,185 cm,80 kg,False,174,FC Schalke 04,78,Bundesliga,2012,13,8,711,Attacker,,False,5,5,13,,,3,,,,,,,,,,,,,,,,,2,0,0,,,,,
115007,M. Ziegler,Marc,Ziegler,45,Germany,192 cm,89 kg,False,172,VfB Stuttgart,78,Bundesliga,2012,0,0,0,Goalkeeper,,False,0,0,28,,,0,,,,,,,,,,,,,,,,,0,0,0,,,,,
115014,A. Gökdemir,Ali,Gökdemir,30,Azerbaijan,184 cm,,False,166,Hannover 96,78,Bundesliga,2012,0,0,0,Defender,,False,0,0,1,,,0,,,,,,,,,,,,,,,,,0,0,0,,,,,
12,Ö. Toprak,Ömer,Toprak,35,Türkiye,186 cm,83 kg,False,168,Bayer Leverkusen,78,Bundesliga,2012,26,26,2233,Defender,,False,0,3,0,,,1,,,,,,,,,,,,,,,,,8,0,1,,,,,
457,E. Derdiyok,Eren,Derdiyok,36,Switzerland,192 cm,93 kg,False,167,1899 Hoffenheim,78,Bundesliga,2012,19,6,783,Attacker,,False,13,3,17,,,1,,,,,,,,,,,,,,,,,1,0,0,,,,,
1355,T. Ciğerci,Tolga,Ciğerci,33,Türkiye,185 cm,80 kg,False,163,Borussia Mönchengladbach,78,Bundesliga,2012,12,9,801,Midfielder,,False,3,6,17,,,0,,,,,,,,,,,,,,,,,2,0,0,,,,,
25077,S. Sam,Sidney,Sam,33,Germany,174 cm,68 kg,False,168,Bayer Leverkusen,78,Bundesliga,2012,22,10,948,Midfielder,,False,12,10,14,,,5,,,,,,,,,,,,,,,,,2,0,0,,,,,
25329,M. Kruse,Maximilian,Bennet Kruse,35,Germany,180 cm,86 kg,False,160,SC Freiburg,78,Bundesliga,2012,34,33,2948,Attacker,,False,1,7,1,,,11,,,,,,,,,,,,,,,,,1,0,0,,,,,
25376,M. Bakalorz,Marvin Dirk,Bakalorz,35,Germany,180 cm,79 kg,False,165,Borussia Dortmund,78,Bundesliga,2012,0,0,0,Midfielder,,False,0,0,1,,,0,,,,,,,,,,,,,,,,,0,0,0,,,,,
26298,Andreas Beck,Andreas,Beck,35,Germany,180 cm,75 kg,False,167,1899 Hoffenheim,78,Bundesliga,2012,31,31,2790,Defender,,False,0,0,1,,,1,,,,,,,,,,,,,,,,,5,0,0,,,,,
26489,K. Großkreutz,Kevin,Großkreutz,32,Germany,186 cm,78 kg,False,165,Borussia Dortmund,78,Bundesliga,2012,29,19,1743,Defender,,False,10,7,14,,,2,,,,,,,,,,,,,,,,,2,0,0,,,,,
47014,T. Pekhart,Tomáš,Pekhart,36,Czechia,194 cm,91 kg,False,171,1. FC Nürnberg,78,Bundesliga,2012,31,,,Forward,,False,,,,,,4,0,,,,,,,,,,,,,,,,4,,0,,,,,
48914,H. Hosogai,Hajime,Hosogai,39,Japan,176 cm,68 kg,False,168,Bayer Leverkusen,78,Bundesliga,2012,17,9,874,Midfielder,,False,8,1,20,,,0,,,,,,,,,,,,,,,,,1,0,0,,,,,
49950,J. Fernándes,Antenor Junior,Fernándes da Silva Vitoria,37,Chile,184 cm,77 kg,False,168,Bayer Leverkusen,78,Bundesliga,2012,6,0,57,Attacker,,False,6,0,19,,,0,,,,,,,,,,,,,,,,,0,0,0,,,,,
50189,D. Kadah,Deniz,Kadah,39,Türkiye,188 cm,78 kg,False,166,Hannover 96,78,Bundesliga,2012,2,0,15,Attacker,,False,2,0,3,,,0,,,,,,,,,,,,,,,,,1,0,0,,,,,
50610,G. Sio,Giovanni-Guy Yann,Sio,34,Côte d'Ivoire,180 cm,80 kg,False,170,FC Augsburg,78,Bundesliga,2012,6,0,131,Attacker,,False,6,0,8,,,0,,,,,,,,,,,,,,,,,1,0,1,,,,,
55918,A. Putilo,Anton,Putilo,37,Belarus,180 cm,74 kg,False,160,SC Freiburg,78,Bundesliga,2012,2,1,123,Midfielder,,False,1,1,8,,,0,,,,,,,,,,,,,,,,,0,0,0,,,,,
62175,B. Dabanlı,Berkay Tolga,Dabanlı,35,Germany,190 cm,88 kg,False,171,1. FC Nürnberg,78,Bundesliga,2012,8,,,Midfielder,,False,,,,,,0,0,,,,,,,,,,,,,,,,1,,0,,,,,
63185,T. Pektürk,Tayfun,Pektürk,33,Germany,176 cm,75 kg,False,178,SpVgg Greuther Fürth,78,Bundesliga,2012,3,1,111,Midfielder,,False,2,0,3,,,0,,,,,,,,,,,,,,,,,0,0,0,,,,,
66090,M. Kadlec,Michal,Kadlec,40,Czechia,183 cm,78 kg,False,168,Bayer Leverkusen,78,Bundesliga,2012,14,14,1205,Defender,,False,0,2,8,,,1,,,,,,,,,,,,,,,,,1,0,0,,,,,
81510,A. Bancé,Aristide,Bancé,37,Burkina Faso,192 cm,90 kg,False,170,FC Augsburg,78,Bundesliga,2012,18,4,619,Attacker,,False,14,2,15,,,0,,,,,,,,,,,,,,,,,3,0,0,,,,,
104082,C. Makiadi,Cédric,Makiadi Mapuata,37,Congo DR,177 cm,77 kg,False,160,SC Freiburg,78,Bundesliga,2012,29,26,2268,Midfielder,,False,3,8,3,,,3,,,,,,,,,,,,,,,,,4,0,0,,,,,
114084,D. Kouemaha,Dorge Rostand,Kouemaha,42,Cameroon,192 cm,85 kg,False,169,Eintracht Frankfurt,78,Bundesliga,2012,2,0,37,Attacker,,False,2,0,3,,,0,,,,,,,,,,,,,,,,,0,0,0,,,,,
400,J. Bruma,Jeffrey Kevin,van Homoet Bruma,33,Netherlands,189 cm,88 kg,False,175,Hamburger SV,78,Bundesliga,2012,18,10,1015,Defender,,False,8,0,16,,,1,,,,,,,,,,,,,,,,,2,0,1,,,,,
515,F. Ribéry,Franck Henry,Pierre Bilal Ribéry,39,France,170 cm,72 kg,False,157,Bayern München,78,Bundesliga,2012,27,24,2115,Midfielder,,False,3,8,3,,,10,,,,,,,,,,,,,,,,,2,0,0,,,,,
1171,V. Hedenstad,Vegar,Eggen Hedenstad,34,Norway,178,74,False,160,SC Freiburg,78,Bundesliga,2012,16,,,Defender,,False,,,,,,0,0,,,,,,,,,,,,,,,,1,,0,,,,,
1213,R. Mak,Róbert,Mak,34,Slovakia,179,78,False,171,1. FC Nürnberg,78,Bundesliga,2012,19,,,Forward,,False,,,,,,1,0,,,,,,,,,,,,,,,,1,,0,,,,,
1348,R. Neustädter,Roman,Neustädter,37,Russia,190,81,False,174,FC Schalke 04,78,Bundesliga,2012,31,,,Defender,,False,,,,,,3,0,,,,,,,,,,,,,,,,5,,0,,,,,
1353,T. Arslan,Tolgay Ali,Arslan,35,Germany,180,77,False,175,Hamburger SV,78,Bundesliga,2012,25,,,Midfielder,,False,,,,,,0,0,,,,,,,,,,,,,,,,8,,0,,,,,
1909,Luiz Gustavo,Luiz Gustavo,Dias,38,Brazil,186,77,False,157,Bayern München,78,Bundesliga,2012,22,,,Midfielder,,False,,,,,,4,0,,,,,,,,,,,,,,,,6,,0,,,,,
1972,L. Karius,Loris Sven,Karius,32,Germany,189,87,False,164,FSV Mainz 05,78,Bundesliga,2012,1,,,Goalkeeper,,False,,,,,,0,0,,,,,,,,,,,,,,,,0,,0,,,,,
2045,S. Kjær,Simon,Thorup Kjær,35,Denmark,191 cm,84 kg,False,161,VfL Wolfsburg,78,Bundesliga,2012,22,20,1683,Defender,,False,2,5,9,,,2,,,,,,,,,,,,,,,,,4,0,0,,,,,
7300,O. Aydın,Okan,Aydın,31,Türkiye,172,63,False,168,Bayer Leverkusen,78,Bundesliga,2012,1,,,Midfielder,,False,,,,,,0,0,,,,,,,,,,,,,,,,0,,0,,,,,
10171,Diego,Diego,Ribas da Cunha,37,Brazil,174 cm,78 kg,False,161,VfL Wolfsburg,78,Bundesliga,2012,32,32,2880,Midfielder,,False,0,1,1,,,10,,,,,,,,,,,,,,,,,7,0,0,,,,,
18851,M. Meyer,Maximilian,Meyer,30,Germany,173,68,False,174,FC Schalke 04,78,Bundesliga,2012,5,,,Midfielder,,False,,,,,,0,0,,,,,,,,,,,,,,,,0,,0,,,,,
19034,R. Babel,Ryan Guno,Babel,38,Netherlands,185 cm,79 kg,False,167,1899 Hoffenheim,78,Bundesliga,2012,0,0,0,Attacker,,False,0,0,0,,,0,,,,,,,,,,,,,,,,,0,0,0,,,,,
19511,M. Diouf,Mame Biram,Diouf,38,Senegal,185 cm,79 kg,False,166,Hannover 96,78,Bundesliga,2012,28,,,Forward,,False,,,,,,12,0,,,,,,,,,,,,,,,,6,,0,,,,,
25325,N. Şahin,Nuri,Şahin,34,Turkey,180 cm,73 kg,False,165,Borussia Dortmund,78,Bundesliga,2012,15,9,891,Midfielder,,False,6,0,8,,,3,,,,,,,,,,,,,,,,,0,0,0,,,,,
26314,M. Gómez,Mario,Gómez García,36,Germany,189 cm,89 kg,False,157,Bayern München,78,Bundesliga,2012,21,9,876,Attacker,,False,12,6,12,,,11,,,,,,,,,,,,,,,,,0,0,0,,,,,
26759,F. Macheda,Federico,Macheda,34,Italy,185,77,False,172,VfB Stuttgart,78,Bundesliga,2012,14,,,Forward,,False,,,,,,0,0,,,,,,,,,,,,,,,,0,,0,,,,,
40459,A. Sobiech,Artur Adam,Sobiech,35,Poland,185,75,False,166,Hannover 96,78,Bundesliga,2012,25,9,915,Attacker,,False,16,7,22,,,5,,,,,,,,,,,,,,,,,4,0,0,,,,,
91303,Johan Danon Djourou-Gbadjere,Johan Danon,Djourou-Gbadjere,34,Switzerland,191 cm,87 kg,False,166,Hannover 96,78,Bundesliga,2012,14,14,1205,Defender,,False,0,2,0,,,0,,,,,,,,,,,,,,,,,4,0,0,,,,,
105385,J. Jones,Jermaine,Jones,40,USA,184 cm,77 kg,False,174,FC Schalke 04,78,Bundesliga,2012,25,23,2015,Midfielder,,False,2,8,2,,,1,,,,,,,,,,,,,,,,,6,0,1,,,,,
49852,Eljero George Rinaldo Elia,Eljero George Rinaldo,Elia,35,Netherlands,176 cm,70 kg,False,162,Werder Bremen,78,Bundesliga,2012,24,22,1740,Attacker,,False,2,18,8,,,0,,,,,,,,,,,,,,,,,0,0,0,,,,,
643029,Jermaine Jones,Jermaine,Jones,44,USA,,,False,174,FC Schalke 04,78,Bundesliga,2012,25,,,,,False,,,,,,1,0,,,,,,,,,,,,,,,,6,,1,,,,,
